bug_id,product,component,assigned_to,bug_status,resolution,bug_severity,opendate,changeddate
122530,gcc,c++,unassigned,RESOLVED,DUPLICATE,normal,2025-11-03 02:04:52,2025-11-03 10:08:16
122527,gcc,target,unassigned,RESOLVED,FIXED,normal,2025-11-02 12:54:19,2025-11-02 16:06:01
122518,gcc,target,ubizjak,RESOLVED,FIXED,normal,2025-11-01 17:52:52,2025-11-02 19:35:16
122512,gcc,ipa,pinskia,RESOLVED,FIXED,normal,2025-10-31 20:37:20,2025-11-03 12:24:06
122511,gcc,tree-optimization,unassigned,RESOLVED,DUPLICATE,normal,2025-10-31 18:42:09,2025-10-31 19:00:50
122510,gcc,tree-optimization,unassigned,RESOLVED,FIXED,normal,2025-10-31 17:46:27,2025-11-03 08:00:07
122507,gcc,lto,unassigned,RESOLVED,DUPLICATE,normal,2025-10-31 14:38:14,2025-11-01 07:34:09
122500,gcc,c++,unassigned,RESOLVED,DUPLICATE,normal,2025-10-31 03:01:34,2025-10-31 03:06:48
122499,gcc,modula2,gaius,RESOLVED,FIXED,normal,2025-10-31 01:31:33,2025-11-02 21:49:34
122488,gcc,tree-optimization,unassigned,RESOLVED,DUPLICATE,normal,2025-10-30 13:21:24,2025-10-31 02:45:04
122485,gcc,modula2,gaius,RESOLVED,FIXED,normal,2025-10-30 09:15:08,2025-10-30 11:24:47
122481,gcc,target,unassigned,RESOLVED,DUPLICATE,normal,2025-10-29 15:23:01,2025-10-29 16:25:01
122480,gcc,c++,unassigned,RESOLVED,DUPLICATE,normal,2025-10-29 14:36:34,2025-10-29 18:03:17
122478,gcc,tree-optimization,unassigned,RESOLVED,FIXED,normal,2025-10-29 13:32:48,2025-10-30 13:43:48
122477,gcc,target,unassigned,RESOLVED,FIXED,normal,2025-10-29 01:19:52,2025-11-03 01:55:06
122476,gcc,tree-optimization,unassigned,RESOLVED,INVALID,normal,2025-10-29 00:35:33,2025-10-29 00:37:47
122475,gcc,tree-optimization,tnfchris,RESOLVED,FIXED,normal,2025-10-28 23:12:57,2025-11-03 08:09:00
122468,gcc,c++,unassigned,RESOLVED,DUPLICATE,normal,2025-10-28 13:49:31,2025-10-28 16:23:44
122457,gcc,target,unassigned,RESOLVED,FIXED,normal,2025-10-28 10:10:30,2025-10-30 07:19:00
122452,gcc,fortran,pault,RESOLVED,FIXED,normal,2025-10-27 22:41:29,2025-10-31 13:04:44
122451,gcc,cobol,sjames,RESOLVED,FIXED,normal,2025-10-27 22:16:57,2025-10-28 01:20:24
122445,gcc,target,rdapp,RESOLVED,FIXED,normal,2025-10-27 14:25:20,2025-10-30 13:50:20
122441,gcc,tree-optimization,unassigned,RESOLVED,DUPLICATE,normal,2025-10-27 09:53:28,2025-10-27 10:36:25
122440,gcc,target,unassigned,RESOLVED,DUPLICATE,normal,2025-10-27 09:16:22,2025-10-27 16:44:37
122439,gcc,fortran,unassigned,RESOLVED,FIXED,normal,2025-10-27 09:05:48,2025-10-30 08:58:08
122434,gcc,fortran,pault,RESOLVED,FIXED,normal,2025-10-27 00:13:13,2025-10-29 09:24:58
122433,gcc,fortran,pault,RESOLVED,FIXED,normal,2025-10-26 22:11:26,2025-10-29 09:22:51
122432,gcc,fortran,unassigned,RESOLVED,MOVED,normal,2025-10-26 17:56:43,2025-10-28 14:24:38
122429,gcc,driver,unassigned,RESOLVED,WONTFIX,normal,2025-10-26 03:27:14,2025-10-31 04:48:56
122427,gcc,c,hjl.tools,RESOLVED,FIXED,normal,2025-10-25 22:10:17,2025-10-29 23:18:09
122426,gcc,tree-optimization,unassigned,RESOLVED,DUPLICATE,normal,2025-10-25 18:30:24,2025-10-25 19:02:30
122422,gcc,c++,nshead,RESOLVED,FIXED,normal,2025-10-25 09:31:01,2025-10-27 23:50:52
122421,gcc,c++,nshead,RESOLVED,FIXED,normal,2025-10-25 09:18:49,2025-11-02 14:00:07
122420,gcc,rtl-optimization,unassigned,RESOLVED,WONTFIX,normal,2025-10-25 07:35:03,2025-10-25 07:47:29
122419,gcc,tree-optimization,rguenth,RESOLVED,FIXED,normal,2025-10-25 06:26:01,2025-10-27 12:22:18
122414,gcc,target,unassigned,RESOLVED,INVALID,normal,2025-10-24 16:28:39,2025-10-24 17:20:52
122407,gcc,modula2,gaius,RESOLVED,FIXED,normal,2025-10-24 08:26:51,2025-10-24 21:30:48
122406,gcc,tree-optimization,rguenth,RESOLVED,FIXED,normal,2025-10-24 05:38:56,2025-10-24 13:43:48
122405,gcc,target,alfierichards,RESOLVED,FIXED,normal,2025-10-24 04:12:16,2025-11-03 09:59:52
122404,gcc,target,unassigned,RESOLVED,DUPLICATE,normal,2025-10-24 04:01:49,2025-11-01 03:17:27
122402,gcc,target,pinskia,RESOLVED,FIXED,normal,2025-10-24 03:47:20,2025-10-24 20:52:07
122401,gcc,libstdc++,redi,RESOLVED,FIXED,normal,2025-10-24 03:41:15,2025-10-28 16:08:22
122399,gcc,cobol,unassigned,RESOLVED,FIXED,normal,2025-10-23 23:09:03,2025-10-27 22:17:47
122398,gcc,cobol,sjames,RESOLVED,FIXED,normal,2025-10-23 23:07:52,2025-10-25 21:08:11
122395,gcc,c++,unassigned,RESOLVED,DUPLICATE,normal,2025-10-23 15:43:48,2025-10-23 15:50:13
122392,gcc,middle-end,unassigned,RESOLVED,FIXED,normal,2025-10-23 08:29:30,2025-10-24 12:48:42
122388,gcc,fortran,unassigned,RESOLVED,INVALID,normal,2025-10-22 19:36:57,2025-10-22 20:26:50
122386,gcc,fortran,anlauf,RESOLVED,FIXED,normal,2025-10-22 19:13:15,2025-11-01 20:46:20
122384,gcc,tree-optimization,unassigned,RESOLVED,DUPLICATE,normal,2025-10-22 18:21:11,2025-10-22 18:57:41
122381,gcc,c++,nshead,RESOLVED,FIXED,normal,2025-10-22 14:05:11,2025-11-01 12:36:22
122378,gcc,middle-end,parras,RESOLVED,FIXED,normal,2025-10-22 06:53:54,2025-10-27 15:01:34
122376,gcc,tree-optimization,rguenth,RESOLVED,DUPLICATE,normal,2025-10-22 05:32:55,2025-10-22 08:11:43
122373,gcc,fortran,unassigned,RESOLVED,INVALID,normal,2025-10-22 00:34:33,2025-10-22 11:38:49
122372,gcc,tree-optimization,rguenth,RESOLVED,DUPLICATE,normal,2025-10-22 00:19:50,2025-10-22 07:38:20
122371,gcc,tree-optimization,rguenth,RESOLVED,FIXED,normal,2025-10-21 21:10:57,2025-10-24 05:51:32
122370,gcc,tree-optimization,rguenth,RESOLVED,FIXED,normal,2025-10-21 19:23:37,2025-10-22 09:11:35
122368,gcc,middle-end,unassigned,RESOLVED,DUPLICATE,normal,2025-10-21 14:21:46,2025-10-21 15:34:53
122367,gcc,ada,unassigned,RESOLVED,FIXED,normal,2025-10-21 13:39:52,2025-10-24 17:02:05
122365,gcc,tree-optimization,rguenth,RESOLVED,FIXED,normal,2025-10-21 11:46:23,2025-10-23 07:47:09
122364,gcc,tree-optimization,unassigned,RESOLVED,FIXED,normal,2025-10-21 11:23:30,2025-10-22 09:12:44
122360,gcc,c++,unassigned,RESOLVED,DUPLICATE,normal,2025-10-21 07:30:04,2025-10-21 07:37:10
122359,gcc,target,unassigned,RESOLVED,MOVED,normal,2025-10-20 21:56:30,2025-10-21 22:41:15
122357,gcc,rtl-optimization,unassigned,RESOLVED,DUPLICATE,normal,2025-10-20 17:58:47,2025-10-20 18:02:35
122346,gcc,c++,unassigned,RESOLVED,DUPLICATE,normal,2025-10-20 08:36:38,2025-10-20 08:46:02
122345,gcc,go,ian,RESOLVED,DUPLICATE,normal,2025-10-20 08:13:29,2025-10-22 13:26:34
122333,gcc,modula2,gaius,RESOLVED,FIXED,normal,2025-10-19 14:06:25,2025-10-19 17:56:10
122332,gcc,c,unassigned,RESOLVED,DUPLICATE,normal,2025-10-19 13:30:38,2025-10-19 13:53:34
122330,gcc,algol68,algol68,RESOLVED,FIXED,normal,2025-10-19 10:08:36,2025-10-28 07:12:59
122329,gcc,ada,unassigned,RESOLVED,INVALID,normal,2025-10-19 08:53:56,2025-10-19 08:55:20
122325,gcc,middle-end,rguenth,RESOLVED,FIXED,normal,2025-10-19 03:11:55,2025-10-27 14:10:52
122324,gcc,c,unassigned,RESOLVED,INVALID,normal,2025-10-18 22:08:06,2025-10-18 22:21:46
122323,gcc,target,hjl.tools,RESOLVED,FIXED,normal,2025-10-18 22:05:24,2025-10-28 22:17:46
122322,gcc,libstdc++,unassigned,RESOLVED,FIXED,normal,2025-10-18 18:05:46,2025-10-20 12:01:52
122315,gcc,middle-end,unassigned,RESOLVED,DUPLICATE,normal,2025-10-17 18:36:39,2025-10-17 19:00:29
122311,gcc,c,unassigned,RESOLVED,DUPLICATE,normal,2025-10-17 12:28:30,2025-10-17 20:53:25
122310,gcc,c++,nshead,RESOLVED,FIXED,normal,2025-10-17 12:28:16,2025-10-28 01:32:29
122308,gcc,tree-optimization,rguenth,RESOLVED,FIXED,normal,2025-10-17 09:09:23,2025-10-24 04:45:12
122306,gcc,fortran,unassigned,RESOLVED,FIXED,normal,2025-10-17 08:24:40,2025-10-22 17:06:22
122305,gcc,tree-optimization,unassigned,RESOLVED,DUPLICATE,normal,2025-10-17 08:16:57,2025-11-01 01:42:29
122304,gcc,c++,unassigned,RESOLVED,INVALID,normal,2025-10-17 05:41:02,2025-10-18 08:32:35
122303,gcc,c++,unassigned,RESOLVED,DUPLICATE,normal,2025-10-17 03:30:15,2025-10-17 03:38:01
122302,gcc,c++,jakub,RESOLVED,FIXED,normal,2025-10-17 01:33:59,2025-10-22 11:35:59
122301,gcc,tree-optimization,rguenth,RESOLVED,FIXED,normal,2025-10-16 20:06:28,2025-10-19 13:53:34
122296,gcc,tree-optimization,pinskia,RESOLVED,FIXED,normal,2025-10-16 07:40:10,2025-10-17 05:01:53
122295,gcc,ada,ebotcazou,RESOLVED,FIXED,normal,2025-10-16 06:28:12,2025-10-17 09:09:21
122293,gcc,libstdc++,redi,RESOLVED,FIXED,normal,2025-10-15 12:42:13,2025-10-16 10:52:07
122292,gcc,tree-optimization,rguenth,RESOLVED,FIXED,normal,2025-10-15 11:15:28,2025-10-16 08:56:03
122290,gcc,fortran,pault,RESOLVED,FIXED,normal,2025-10-15 05:01:14,2025-10-26 20:17:58
122279,gcc,c++,nshead,RESOLVED,FIXED,normal,2025-10-14 11:54:43,2025-10-18 14:12:52
122269,gcc,c++,unassigned,RESOLVED,DUPLICATE,normal,2025-10-13 12:08:46,2025-10-14 09:41:25
122267,gcc,libstdc++,tkaminsk,RESOLVED,FIXED,normal,2025-10-13 09:35:43,2025-10-24 09:31:39
122265,gcc,driver,unassigned,RESOLVED,INVALID,normal,2025-10-13 07:08:33,2025-10-15 07:53:33
122264,gcc,c++,unassigned,RESOLVED,DUPLICATE,normal,2025-10-12 18:56:20,2025-10-12 19:08:59
122257,gcc,fortran,unassigned,RESOLVED,FIXED,normal,2025-10-11 09:15:03,2025-10-12 06:31:28
122255,gcc,libstdc++,unassigned,RESOLVED,FIXED,normal,2025-10-10 23:43:39,2025-10-16 19:39:56
122250,gcc,tree-optimization,unassigned,RESOLVED,DUPLICATE,normal,2025-10-10 21:58:33,2025-10-10 22:14:06
122249,gcc,tree-optimization,unassigned,RESOLVED,DUPLICATE,normal,2025-10-10 21:37:40,2025-10-10 21:38:53
122246,gcc,ada,unassigned,RESOLVED,WONTFIX,normal,2025-10-10 19:31:24,2025-10-12 19:55:00
122241,gcc,modula2,gaius,RESOLVED,FIXED,normal,2025-10-10 15:23:17,2025-10-24 12:06:15
122238,gcc,c++,unassigned,RESOLVED,DUPLICATE,normal,2025-10-10 13:25:20,2025-10-10 20:08:07
122235,gcc,libstdc++,unassigned,RESOLVED,DUPLICATE,normal,2025-10-10 12:20:41,2025-10-10 12:37:51
122229,gcc,c,unassigned,RESOLVED,INVALID,normal,2025-10-10 08:18:04,2025-10-10 08:47:14
122228,gcc,c++,jakub,RESOLVED,FIXED,normal,2025-10-10 05:38:27,2025-10-13 19:38:50
122227,gcc,middle-end,unassigned,RESOLVED,DUPLICATE,normal,2025-10-10 02:33:47,2025-10-10 04:27:14
122222,gcc,target,unassigned,RESOLVED,FIXED,normal,2025-10-09 13:36:48,2025-10-09 20:40:52
122220,gcc,target,unassigned,RESOLVED,FIXED,normal,2025-10-09 13:19:46,2025-10-09 20:41:44
122213,gcc,middle-end,avinashd,RESOLVED,FIXED,normal,2025-10-09 05:35:55,2025-10-13 12:10:25
122212,gcc,tree-optimization,rguenth,RESOLVED,FIXED,normal,2025-10-08 23:43:28,2025-10-19 14:49:02
122211,gcc,target,unassigned,RESOLVED,INVALID,normal,2025-10-08 20:00:39,2025-10-10 15:57:46
122210,gcc,target,unassigned,RESOLVED,FIXED,normal,2025-10-08 18:10:37,2025-10-09 20:53:48
122206,gcc,fortran,anlauf,RESOLVED,FIXED,normal,2025-10-08 10:56:29,2025-10-25 14:15:10
122203,gcc,c,unassigned,RESOLVED,DUPLICATE,normal,2025-10-08 06:37:37,2025-10-08 06:44:15
122202,gcc,c,alfierichards,RESOLVED,FIXED,normal,2025-10-08 06:28:33,2025-11-03 10:33:46
122200,gcc,tree-optimization,amacleod,RESOLVED,FIXED,normal,2025-10-07 22:58:31,2025-10-15 22:28:11
122199,gcc,c++,unassigned,RESOLVED,DUPLICATE,normal,2025-10-07 22:07:25,2025-10-07 22:44:42
122191,gcc,fortran,pault,RESOLVED,FIXED,normal,2025-10-07 15:43:22,2025-10-13 09:28:09
122190,gcc,target,unassigned,RESOLVED,FIXED,normal,2025-10-07 12:26:03,2025-10-24 21:12:55
122187,gcc,target,unassigned,RESOLVED,FIXED,normal,2025-10-07 06:23:08,2025-10-07 16:09:55
122183,gcc,tree-optimization,unassigned,RESOLVED,DUPLICATE,normal,2025-10-07 00:30:29,2025-10-07 00:32:56
122179,gcc,c++,unassigned,RESOLVED,DUPLICATE,normal,2025-10-06 20:19:07,2025-10-06 20:24:07
122178,gcc,tree-optimization,pinskia,RESOLVED,FIXED,normal,2025-10-06 17:49:19,2025-10-14 06:50:49
122177,gcc,target,unassigned,RESOLVED,FIXED,normal,2025-10-06 14:53:26,2025-10-09 20:39:27
122174,gcc,lto,unassigned,RESOLVED,DUPLICATE,normal,2025-10-06 12:45:00,2025-10-06 13:52:12
122173,gcc,c++,unassigned,RESOLVED,DUPLICATE,normal,2025-10-06 10:17:42,2025-10-06 16:00:26
122172,gcc,libstdc++,redi,RESOLVED,FIXED,normal,2025-10-06 03:26:14,2025-10-16 19:38:30
122168,gcc,libstdc++,unassigned,RESOLVED,FIXED,normal,2025-10-05 21:26:33,2025-10-06 11:19:49
122165,gcc,fortran,unassigned,RESOLVED,FIXED,normal,2025-10-04 17:30:23,2025-10-29 15:37:50
122164,gcc,c++,unassigned,RESOLVED,DUPLICATE,normal,2025-10-04 12:21:49,2025-10-04 15:56:00
122162,gcc,c,unassigned,RESOLVED,DUPLICATE,normal,2025-10-04 12:00:52,2025-10-04 16:00:11
122159,gcc,ada,unassigned,RESOLVED,DUPLICATE,normal,2025-10-04 09:21:19,2025-10-07 07:21:49
122158,gcc,tree-optimization,rguenth,RESOLVED,FIXED,normal,2025-10-04 06:18:53,2025-10-06 08:33:30
122156,gcc,libstdc++,unassigned,RESOLVED,MOVED,normal,2025-10-04 04:29:41,2025-10-06 11:04:18
122151,gcc,bootstrap,dmalcolm,RESOLVED,FIXED,normal,2025-10-03 13:32:33,2025-10-16 21:43:57
122150,gcc,target,hjl.tools,RESOLVED,FIXED,normal,2025-10-03 13:16:39,2025-10-05 21:33:23
122147,gcc,target,law,RESOLVED,FIXED,normal,2025-10-03 09:55:09,2025-10-04 14:34:59
122146,gcc,middle-end,unassigned,RESOLVED,INVALID,normal,2025-10-03 09:53:06,2025-10-04 15:07:53
122138,gcc,tree-optimization,unassigned,RESOLVED,FIXED,normal,2025-10-02 23:11:21,2025-10-03 17:49:14
122131,gcc,tree-optimization,rguenth,RESOLVED,FIXED,normal,2025-10-02 12:43:47,2025-10-06 14:59:31
122127,gcc,c++,jason,RESOLVED,FIXED,normal,2025-10-02 11:50:47,2025-10-05 13:09:16
122125,gcc,middle-end,unassigned,RESOLVED,FIXED,normal,2025-10-02 08:05:44,2025-10-07 01:32:15
122124,gcc,target,rzinsly,RESOLVED,FIXED,normal,2025-10-02 05:04:11,2025-10-07 13:15:47
122123,gcc,testsuite,unassigned,RESOLVED,DUPLICATE,normal,2025-10-02 03:14:26,2025-10-02 04:33:59
122122,gcc,middle-end,unassigned,RESOLVED,FIXED,normal,2025-10-02 03:12:51,2025-10-07 00:34:03
122121,gcc,testsuite,unassigned,RESOLVED,DUPLICATE,normal,2025-10-02 03:10:31,2025-10-02 04:23:09
122120,gcc,testsuite,unassigned,RESOLVED,DUPLICATE,normal,2025-10-02 03:08:41,2025-10-02 08:02:15
122114,gcc,target,unassigned,RESOLVED,FIXED,normal,2025-10-01 16:29:20,2025-10-04 14:38:28
122112,gcc,c++,unassigned,RESOLVED,FIXED,normal,2025-10-01 11:39:44,2025-10-03 18:54:41
122111,gcc,tree-optimization,unassigned,RESOLVED,FIXED,normal,2025-10-01 11:23:09,2025-10-10 09:25:42
122109,gcc,fortran,pault,RESOLVED,FIXED,normal,2025-10-01 03:50:11,2025-10-03 06:41:30
122106,gcc,target,law,RESOLVED,FIXED,normal,2025-09-30 18:54:47,2025-10-01 21:15:23
122102,gcc,target,unassigned,RESOLVED,DUPLICATE,normal,2025-09-30 09:35:57,2025-10-08 13:48:36
122100,gcc,c++,unassigned,RESOLVED,DUPLICATE,normal,2025-09-30 08:08:02,2025-09-30 09:08:55
122099,gcc,libstdc++,unassigned,RESOLVED,DUPLICATE,normal,2025-09-30 05:26:01,2025-09-30 08:52:39
122097,gcc,target,unassigned,RESOLVED,FIXED,normal,2025-09-30 03:24:59,2025-10-29 06:09:46
122092,gcc,c++,unassigned,RESOLVED,DUPLICATE,normal,2025-09-29 09:46:55,2025-09-29 10:12:49
122091,gcc,c++,unassigned,RESOLVED,DUPLICATE,normal,2025-09-29 09:34:50,2025-09-30 07:22:05
122090,gcc,c++,unassigned,RESOLVED,DUPLICATE,normal,2025-09-29 09:31:22,2025-09-30 07:20:29
122089,gcc,fortran,pault,RESOLVED,FIXED,normal,2025-09-29 06:58:43,2025-10-03 06:30:18
122088,gcc,c++,unassigned,RESOLVED,FIXED,normal,2025-09-29 06:27:13,2025-09-29 08:28:15
122087,gcc,c,unassigned,RESOLVED,DUPLICATE,normal,2025-09-29 06:13:08,2025-09-29 08:30:32
122086,gcc,tree-optimization,pinskia,RESOLVED,FIXED,normal,2025-09-28 22:14:42,2025-10-27 20:05:24
122085,gcc,ada,unassigned,RESOLVED,INVALID,normal,2025-09-28 18:53:28,2025-09-29 06:57:41
122084,gcc,c++,unassigned,RESOLVED,DUPLICATE,normal,2025-09-27 20:39:19,2025-09-27 20:48:53
122083,gcc,tree-optimization,pinskia,RESOLVED,FIXED,normal,2025-09-27 11:43:30,2025-10-17 05:39:07
122082,gcc,middle-end,unassigned,RESOLVED,INVALID,normal,2025-09-27 10:15:25,2025-10-03 06:49:45
122080,gcc,fortran,anlauf,RESOLVED,FIXED,normal,2025-09-27 09:33:41,2025-10-01 18:39:33
122079,gcc,tree-optimization,rguenth,RESOLVED,FIXED,normal,2025-09-27 09:16:29,2025-10-02 07:12:53
122077,gcc,libgomp,unassigned,RESOLVED,INVALID,normal,2025-09-26 20:44:15,2025-09-26 22:04:31
122076,gcc,target,unassigned,RESOLVED,DUPLICATE,normal,2025-09-26 18:27:20,2025-10-03 17:17:25
122069,gcc,middle-end,tnfchris,RESOLVED,FIXED,normal,2025-09-26 10:30:58,2025-10-18 07:26:03
122064,gcc,target,unassigned,RESOLVED,DUPLICATE,normal,2025-09-26 01:23:42,2025-09-26 02:53:59
122063,gcc,ada,ebotcazou,RESOLVED,FIXED,normal,2025-09-25 16:57:39,2025-10-30 18:12:00
122060,gcc,debug,unassigned,RESOLVED,WORKSFORME,normal,2025-09-25 08:47:38,2025-10-01 18:24:55
122053,gcc,c++,nshead,RESOLVED,FIXED,normal,2025-09-24 14:36:05,2025-10-05 10:57:20
122051,gcc,target,law,RESOLVED,FIXED,normal,2025-09-24 06:10:58,2025-10-02 12:28:16
122042,gcc,c,unassigned,RESOLVED,DUPLICATE,normal,2025-09-23 08:57:35,2025-09-23 17:14:09
122040,gcc,tree-optimization,unassigned,RESOLVED,FIXED,trivial,2025-09-23 06:46:41,2025-09-24 08:30:06
122039,gcc,tree-optimization,pinskia,RESOLVED,WONTFIX,normal,2025-09-23 04:51:38,2025-10-07 02:29:59
122036,gcc,d,ibuclaw,RESOLVED,DUPLICATE,normal,2025-09-22 22:41:07,2025-09-22 22:58:14
122035,gcc,middle-end,unassigned,RESOLVED,INVALID,normal,2025-09-22 20:32:11,2025-09-23 19:58:14
122033,gcc,tree-optimization,pinskia,RESOLVED,FIXED,normal,2025-09-22 17:19:51,2025-10-03 14:33:07
122031,gcc,tree-optimization,pan2.li,RESOLVED,FIXED,normal,2025-09-22 15:04:50,2025-09-23 16:05:29
122026,gcc,middle-end,unassigned,RESOLVED,DUPLICATE,normal,2025-09-22 07:56:24,2025-09-22 16:42:30
122024,gcc,target,unassigned,RESOLVED,DUPLICATE,normal,2025-09-22 07:35:06,2025-09-23 05:00:59
122023,gcc,tree-optimization,rguenth,RESOLVED,FIXED,normal,2025-09-22 07:30:27,2025-09-22 16:44:19
122021,gcc,tree-optimization,pan2.li,RESOLVED,FIXED,normal,2025-09-22 00:49:24,2025-09-26 02:51:26
122020,gcc,target,unassigned,RESOLVED,MOVED,normal,2025-09-22 00:13:03,2025-09-22 03:32:50
122019,gcc,c++,nshead,RESOLVED,FIXED,normal,2025-09-21 21:58:17,2025-09-25 11:35:00
122016,gcc,tree-optimization,rguenth,RESOLVED,FIXED,normal,2025-09-21 08:32:49,2025-10-19 14:48:56
122015,gcc,c++,unassigned,RESOLVED,FIXED,normal,2025-09-21 08:05:54,2025-09-25 11:34:09
122012,gcc,tree-optimization,siddhesh,RESOLVED,FIXED,normal,2025-09-20 23:30:58,2025-10-24 10:51:16
122010,gcc,tree-optimization,unassigned,RESOLVED,INVALID,normal,2025-09-20 13:13:36,2025-09-21 19:24:27
122009,gcc,modula2,gaius,RESOLVED,FIXED,normal,2025-09-20 09:49:38,2025-10-02 13:41:24
122008,gcc,ada,unassigned,RESOLVED,INVALID,normal,2025-09-20 07:14:46,2025-09-22 18:20:34
122006,gcc,target,unassigned,RESOLVED,DUPLICATE,normal,2025-09-19 21:20:27,2025-09-19 21:23:52
122005,gcc,tree-optimization,unassigned,RESOLVED,DUPLICATE,normal,2025-09-19 21:01:50,2025-09-19 21:19:51
122002,gcc,fortran,pault,RESOLVED,FIXED,normal,2025-09-19 15:21:27,2025-09-26 06:40:58
121999,gcc,tree-optimization,rguenth,RESOLVED,FIXED,normal,2025-09-19 12:39:30,2025-10-02 07:17:58
121998,gcc,target,unassigned,RESOLVED,INVALID,normal,2025-09-19 10:50:48,2025-09-22 05:49:22
121995,gcc,target,unassigned,RESOLVED,DUPLICATE,normal,2025-09-18 17:52:44,2025-10-03 17:42:27
121992,gcc,c,unassigned,RESOLVED,INVALID,normal,2025-09-18 12:14:01,2025-09-19 02:00:19
121989,gcc,target,unassigned,RESOLVED,DUPLICATE,normal,2025-09-18 10:09:43,2025-09-18 14:35:22
121987,gcc,tree-optimization,unassigned,RESOLVED,DUPLICATE,normal,2025-09-18 08:56:09,2025-10-06 16:29:59
121983,gcc,target,law,RESOLVED,FIXED,normal,2025-09-17 17:35:26,2025-09-19 15:19:23
121982,gcc,target,bergner,RESOLVED,FIXED,normal,2025-09-17 17:30:02,2025-09-22 23:33:58
121974,gcc,tree-optimization,pinskia,RESOLVED,DUPLICATE,normal,2025-09-17 12:21:22,2025-09-17 16:00:19
121973,gcc,target,unassigned,RESOLVED,WONTFIX,normal,2025-09-17 11:30:19,2025-10-03 06:59:46
121971,gcc,target,unassigned,RESOLVED,WONTFIX,normal,2025-09-17 10:21:54,2025-09-21 17:45:22
121970,gcc,target,unassigned,RESOLVED,FIXED,normal,2025-09-17 03:01:49,2025-09-28 05:15:01
121969,gcc,c++,unassigned,RESOLVED,DUPLICATE,normal,2025-09-16 20:54:33,2025-09-16 20:57:32
121968,gcc,ada,ebotcazou,RESOLVED,FIXED,normal,2025-09-16 19:01:00,2025-09-22 09:33:28
121967,gcc,ada,unassigned,RESOLVED,DUPLICATE,normal,2025-09-16 19:00:32,2025-09-17 08:32:18
121962,gcc,tree-optimization,pinskia,RESOLVED,FIXED,normal,2025-09-16 10:24:00,2025-09-19 18:47:56
121956,gcc,libstdc++,redi,RESOLVED,FIXED,normal,2025-09-16 04:55:40,2025-09-16 16:42:08
121953,gcc,ada,unassigned,RESOLVED,FIXED,normal,2025-09-15 20:16:27,2025-09-15 21:08:40
121952,gcc,tree-optimization,pinskia,RESOLVED,FIXED,normal,2025-09-15 18:58:32,2025-10-08 08:33:08
121951,gcc,c,unassigned,RESOLVED,DUPLICATE,normal,2025-09-15 15:01:36,2025-09-15 19:40:03
121949,gcc,tree-optimization,tnfchris,RESOLVED,FIXED,normal,2025-09-15 11:03:10,2025-10-14 09:38:58
121948,gcc,fortran,pault,RESOLVED,FIXED,normal,2025-09-15 05:41:04,2025-09-23 11:49:41
121947,gcc,target,unassigned,RESOLVED,INVALID,normal,2025-09-15 02:43:21,2025-09-15 12:33:55
121945,gcc,c++,unassigned,RESOLVED,DUPLICATE,normal,2025-09-14 11:35:57,2025-09-14 18:11:46
121942,gcc,c++,unassigned,RESOLVED,INVALID,normal,2025-09-13 20:12:05,2025-09-15 11:06:53
121940,gcc,libstdc++,tkaminsk,RESOLVED,FIXED,normal,2025-09-13 16:50:18,2025-09-23 14:33:16
121939,gcc,fortran,anlauf,RESOLVED,FIXED,normal,2025-09-13 13:08:07,2025-09-28 19:49:01
121937,gcc,target,law,RESOLVED,FIXED,normal,2025-09-13 09:53:21,2025-10-03 15:47:02
121935,gcc,lto,rguenth,RESOLVED,FIXED,normal,2025-09-13 09:28:56,2025-09-14 11:26:08
121934,gcc,target,hjl.tools,RESOLVED,FIXED,normal,2025-09-13 08:43:04,2025-09-15 12:11:46
121933,gcc,target,unassigned,RESOLVED,FIXED,normal,2025-09-13 06:19:57,2025-10-04 10:31:13
121932,gcc,c++,nshead,RESOLVED,DUPLICATE,blocker,2025-09-13 02:53:28,2025-09-14 11:26:08
121930,gcc,target,unassigned,RESOLVED,INVALID,normal,2025-09-12 22:29:26,2025-09-12 23:06:51
121929,gcc,libstdc++,tkaminsk,RESOLVED,FIXED,minor,2025-09-12 20:53:43,2025-10-10 05:32:41
121926,gcc,libstdc++,unassigned,RESOLVED,INVALID,normal,2025-09-12 10:53:00,2025-09-16 16:44:04
121924,gcc,c++,unassigned,RESOLVED,DUPLICATE,normal,2025-09-12 04:03:40,2025-09-12 04:13:08
121922,gcc,middle-end,unassigned,RESOLVED,FIXED,normal,2025-09-12 01:25:50,2025-09-25 10:10:32
121917,gcc,libstdc++,ppalka,RESOLVED,FIXED,normal,2025-09-11 21:24:12,2025-09-13 14:44:46
121913,gcc,libstdc++,redi,RESOLVED,FIXED,normal,2025-09-11 16:30:48,2025-09-16 16:40:12
121910,gcc,target,unassigned,RESOLVED,FIXED,normal,2025-09-11 12:49:19,2025-09-18 15:34:33
121906,gcc,target,xry111,RESOLVED,FIXED,normal,2025-09-11 10:20:07,2025-09-15 10:47:09
121904,gcc,middle-end,jakub,RESOLVED,FIXED,normal,2025-09-11 07:35:10,2025-09-15 08:37:53
121899,gcc,c++,unassigned,RESOLVED,DUPLICATE,normal,2025-09-11 03:22:44,2025-09-11 03:37:55
121898,gcc,middle-end,unassigned,RESOLVED,DUPLICATE,normal,2025-09-10 22:55:02,2025-09-10 23:01:10
121895,gcc,go,ian,RESOLVED,INVALID,normal,2025-09-10 19:02:43,2025-09-10 19:04:19
121893,gcc,c++,nshead,RESOLVED,FIXED,normal,2025-09-10 15:18:57,2025-09-12 13:07:56
121890,gcc,libstdc++,redi,RESOLVED,FIXED,normal,2025-09-10 11:26:06,2025-09-12 20:48:30
121889,gcc,c++,hjl.tools,RESOLVED,FIXED,normal,2025-09-10 09:59:14,2025-09-11 12:41:53
121888,gcc,testsuite,unassigned,RESOLVED,FIXED,normal,2025-09-10 08:26:41,2025-09-12 15:36:36
121885,gcc,ada,ebotcazou,RESOLVED,FIXED,normal,2025-09-10 06:25:14,2025-09-10 14:16:52
121880,gcc,c++,unassigned,RESOLVED,DUPLICATE,normal,2025-09-09 18:04:50,2025-09-09 18:19:29
121878,gcc,target,bergner,RESOLVED,FIXED,normal,2025-09-09 16:39:54,2025-09-11 00:54:07
121876,gcc,diagnostics,dmalcolm,RESOLVED,FIXED,normal,2025-09-09 16:27:13,2025-09-12 14:55:56
121874,gcc,c++,unassigned,RESOLVED,DUPLICATE,normal,2025-09-09 12:45:25,2025-09-09 13:29:54
121873,gcc,c,unassigned,RESOLVED,INVALID,normal,2025-09-09 08:49:00,2025-09-09 15:55:48
121872,gcc,testsuite,nshead,RESOLVED,FIXED,normal,2025-09-09 08:37:06,2025-09-09 23:12:24
121870,gcc,tree-optimization,rguenth,RESOLVED,FIXED,normal,2025-09-09 08:25:50,2025-10-31 15:46:25
121869,gcc,tree-optimization,unassigned,RESOLVED,FIXED,normal,2025-09-09 06:47:09,2025-09-09 15:50:13
121868,gcc,other,unassigned,RESOLVED,INVALID,normal,2025-09-09 06:46:01,2025-09-10 15:00:53
121865,gcc,c++,unassigned,RESOLVED,FIXED,normal,2025-09-09 04:58:10,2025-09-13 02:54:18
121863,gcc,other,unassigned,RESOLVED,WORKSFORME,normal,2025-09-08 22:20:23,2025-09-13 07:09:00
121861,gcc,target,unassigned,RESOLVED,FIXED,normal,2025-09-08 18:58:58,2025-09-10 14:57:37
121860,gcc,target,unassigned,RESOLVED,DUPLICATE,normal,2025-09-08 18:32:47,2025-09-08 18:37:18
121859,gcc,c++,nshead,RESOLVED,FIXED,normal,2025-09-08 18:01:08,2025-09-10 12:23:26
121856,gcc,modula2,gaius,RESOLVED,FIXED,normal,2025-09-08 14:36:03,2025-09-19 18:23:15
121855,gcc,c++,unassigned,RESOLVED,DUPLICATE,normal,2025-09-08 14:18:13,2025-09-08 16:30:41
121848,gcc,testsuite,hjl.tools,RESOLVED,FIXED,normal,2025-09-08 01:16:37,2025-09-11 13:49:26
121846,gcc,c,unassigned,RESOLVED,DUPLICATE,normal,2025-09-07 15:31:46,2025-09-07 16:21:27
121845,gcc,target,rdapp,RESOLVED,FIXED,normal,2025-09-07 14:53:56,2025-10-11 13:59:28
121841,gcc,tree-optimization,pinskia,RESOLVED,FIXED,normal,2025-09-07 05:02:36,2025-09-07 20:47:54
121835,gcc,rtl-optimization,unassigned,RESOLVED,FIXED,blocker,2025-09-06 21:42:01,2025-09-06 22:30:02
121834,gcc,tree-optimization,unassigned,RESOLVED,DUPLICATE,normal,2025-09-06 21:28:09,2025-09-06 21:35:16
121833,gcc,preprocessor,unassigned,RESOLVED,DUPLICATE,normal,2025-09-06 20:52:45,2025-09-06 20:58:49
121831,gcc,middle-end,jakub,RESOLVED,FIXED,normal,2025-09-06 18:04:12,2025-10-14 19:05:18
121830,gcc,tree-optimization,rguenth,RESOLVED,FIXED,normal,2025-09-06 17:51:34,2025-09-22 11:36:00
121824,gcc,c,unassigned,RESOLVED,DUPLICATE,normal,2025-09-06 05:06:29,2025-09-06 09:29:12
121823,gcc,middle-end,unassigned,RESOLVED,DUPLICATE,normal,2025-09-06 04:51:51,2025-09-06 12:21:27
121819,gcc,libstdc++,unassigned,RESOLVED,DUPLICATE,normal,2025-09-06 01:47:14,2025-09-06 08:13:01
121818,gcc,target,unassigned,RESOLVED,INVALID,normal,2025-09-05 23:39:05,2025-09-06 21:14:30
121817,gcc,c,unassigned,RESOLVED,MOVED,normal,2025-09-05 23:10:08,2025-09-05 23:17:04
121809,gcc,target,unassigned,RESOLVED,INVALID,normal,2025-09-05 13:25:03,2025-09-05 23:06:18
121808,gcc,c++,nshead,RESOLVED,FIXED,normal,2025-09-05 13:05:52,2025-09-09 23:13:16
121807,gcc,target,unassigned,RESOLVED,DUPLICATE,normal,2025-09-05 13:03:46,2025-09-05 17:11:24
121806,gcc,middle-end,sjames,RESOLVED,FIXED,normal,2025-09-05 09:35:40,2025-09-05 22:02:51
121804,gcc,libstdc++,ppalka,RESOLVED,FIXED,normal,2025-09-05 08:47:03,2025-09-05 17:15:32
121803,gcc,tree-optimization,unassigned,RESOLVED,DUPLICATE,normal,2025-09-05 07:58:10,2025-09-05 08:03:36
121802,gcc,target,rguenth,RESOLVED,FIXED,normal,2025-09-05 07:39:21,2025-09-08 11:11:02
121801,gcc,c++,mkretz,RESOLVED,FIXED,normal,2025-09-05 07:34:47,2025-09-15 07:18:46
121799,gcc,c++,unassigned,RESOLVED,DUPLICATE,normal,2025-09-05 04:16:09,2025-09-05 04:22:18
121796,gcc,fortran,jvdelisle,RESOLVED,DUPLICATE,normal,2025-09-04 20:13:50,2025-09-04 21:23:33
121795,gcc,c++,ppalka,RESOLVED,FIXED,normal,2025-09-04 19:56:05,2025-09-12 21:00:53
121794,gcc,target,unassigned,RESOLVED,FIXED,normal,2025-09-04 19:51:05,2025-09-07 10:44:19
121790,gcc,libstdc++,tkaminsk,RESOLVED,FIXED,normal,2025-09-04 16:24:28,2025-10-10 07:28:32
121785,gcc,target,unassigned,RESOLVED,FIXED,normal,2025-09-04 07:57:28,2025-09-09 13:18:27
121783,gcc,c,unassigned,RESOLVED,DUPLICATE,normal,2025-09-04 06:42:22,2025-09-04 10:10:16
121782,gcc,libstdc++,unassigned,RESOLVED,FIXED,normal,2025-09-04 05:55:28,2025-09-11 17:23:22
121781,gcc,target,unassigned,RESOLVED,DUPLICATE,normal,2025-09-04 05:41:14,2025-10-03 15:45:42
121780,gcc,target,unassigned,RESOLVED,FIXED,normal,2025-09-04 04:31:19,2025-10-03 15:47:02
121779,gcc,c++,ppalka,RESOLVED,FIXED,normal,2025-09-04 00:50:10,2025-09-09 18:40:41
121774,gcc,tree-optimization,unassigned,RESOLVED,INVALID,normal,2025-09-03 15:38:00,2025-09-03 15:46:20
121772,gcc,tree-optimization,acoplan,RESOLVED,FIXED,normal,2025-09-03 14:13:03,2025-10-16 14:36:49
121769,gcc,c++,unassigned,RESOLVED,DUPLICATE,normal,2025-09-03 11:04:10,2025-09-05 08:03:36
121768,gcc,tree-optimization,rguenth,RESOLVED,FIXED,normal,2025-09-03 09:57:25,2025-09-04 10:37:22
121767,gcc,tree-optimization,rguenth,RESOLVED,FIXED,normal,2025-09-03 08:34:58,2025-09-03 11:03:43
121765,gcc,libstdc++,tkaminsk,RESOLVED,FIXED,normal,2025-09-03 05:20:32,2025-09-10 09:52:27
121761,gcc,libstdc++,unassigned,RESOLVED,DUPLICATE,normal,2025-09-02 21:15:31,2025-09-02 21:22:21
121760,gcc,libgomp,unassigned,RESOLVED,FIXED,normal,2025-09-02 16:00:18,2025-09-02 22:36:36
121758,gcc,tree-optimization,rguenth,RESOLVED,FIXED,normal,2025-09-02 14:33:51,2025-09-03 11:04:01
121757,gcc,rtl-optimization,rsandifo,RESOLVED,FIXED,normal,2025-09-02 13:18:08,2025-09-24 20:08:10
121756,gcc,tree-optimization,rguenth,RESOLVED,FIXED,normal,2025-09-02 11:44:30,2025-09-03 12:34:43
121754,gcc,tree-optimization,rguenth,RESOLVED,FIXED,normal,2025-09-02 05:15:23,2025-09-02 15:58:46
121753,gcc,tree-optimization,rguenth,RESOLVED,FIXED,normal,2025-09-02 03:54:52,2025-09-02 16:15:17
121751,gcc,tree-optimization,pinskia,RESOLVED,FIXED,normal,2025-09-01 21:52:11,2025-09-15 16:21:39
121749,gcc,target,ktkachov,RESOLVED,FIXED,normal,2025-09-01 16:20:03,2025-09-15 15:24:47
121748,gcc,libstdc++,tkaminsk,RESOLVED,FIXED,normal,2025-09-01 13:42:40,2025-10-24 07:12:18
121745,gcc,libstdc++,redi,RESOLVED,FIXED,normal,2025-09-01 11:39:30,2025-09-04 18:45:25
121742,gcc,target,unassigned,RESOLVED,FIXED,normal,2025-09-01 05:34:40,2025-10-03 15:47:02
121732,gcc,testsuite,unassigned,RESOLVED,FIXED,normal,2025-08-31 02:10:23,2025-09-04 16:56:34
121731,gcc,sanitizer,unassigned,RESOLVED,DUPLICATE,normal,2025-08-30 22:05:04,2025-08-30 22:06:56
121728,gcc,fortran,unassigned,RESOLVED,FIXED,normal,2025-08-29 19:12:32,2025-09-08 18:42:23
121727,gcc,fortran,anlauf,RESOLVED,FIXED,normal,2025-08-29 17:39:58,2025-09-01 21:07:36
121725,gcc,target,hjl.tools,RESOLVED,FIXED,normal,2025-08-29 16:03:10,2025-08-30 13:16:06
121724,gcc,c++,nshead,RESOLVED,FIXED,normal,2025-08-29 15:52:58,2025-09-04 08:05:51
121719,gcc,lto,unassigned,RESOLVED,INVALID,normal,2025-08-29 12:22:59,2025-08-29 14:54:36
121718,gcc,libgcc,unassigned,RESOLVED,FIXED,normal,2025-08-29 08:33:30,2025-08-30 21:44:23
121716,gcc,target,unassigned,RESOLVED,DUPLICATE,normal,2025-08-29 05:15:36,2025-08-29 05:22:41
121715,gcc,c++,unassigned,RESOLVED,DUPLICATE,normal,2025-08-29 03:54:46,2025-08-29 04:07:45
121713,gcc,testsuite,pinskia,RESOLVED,FIXED,normal,2025-08-28 23:37:38,2025-08-29 05:31:54
121709,gcc,modula2,gaius,RESOLVED,FIXED,normal,2025-08-28 17:39:32,2025-08-29 21:16:11
121707,gcc,c++,unassigned,RESOLVED,DUPLICATE,normal,2025-08-28 15:51:50,2025-09-02 20:59:22
121706,gcc,c,unassigned,RESOLVED,DUPLICATE,normal,2025-08-28 15:35:35,2025-08-28 15:39:02
121705,gcc,c++,nshead,RESOLVED,FIXED,normal,2025-08-28 14:30:39,2025-09-06 10:48:08
121703,gcc,tree-optimization,rguenth,RESOLVED,FIXED,normal,2025-08-28 12:00:40,2025-09-12 14:27:41
121702,gcc,c++,unassigned,RESOLVED,FIXED,normal,2025-08-28 10:42:40,2025-09-06 14:09:41
121699,gcc,target,unassigned,RESOLVED,FIXED,normal,2025-08-28 04:12:04,2025-09-01 04:47:59
121698,gcc,tree-optimization,jakub,RESOLVED,FIXED,normal,2025-08-28 02:10:24,2025-09-01 15:25:07
121695,gcc,tree-optimization,pinskia,RESOLVED,FIXED,normal,2025-08-27 17:41:39,2025-09-05 13:56:50
121694,gcc,target,unassigned,RESOLVED,FIXED,normal,2025-08-27 14:33:31,2025-08-29 16:03:10
121690,gcc,testsuite,unassigned,RESOLVED,MOVED,normal,2025-08-27 11:43:56,2025-09-01 14:45:24
121687,gcc,tree-optimization,unassigned,RESOLVED,DUPLICATE,normal,2025-08-27 08:00:09,2025-08-28 20:22:09
121686,gcc,tree-optimization,rguenth,RESOLVED,FIXED,normal,2025-08-27 07:20:20,2025-08-28 20:22:09
121684,gcc,testsuite,pinskia,RESOLVED,FIXED,normal,2025-08-27 03:48:12,2025-08-27 23:49:48
121681,gcc,target,unassigned,RESOLVED,INVALID,normal,2025-08-26 18:24:01,2025-08-30 18:56:15
121678,gcc,c++,jakub,RESOLVED,FIXED,normal,2025-08-26 16:19:41,2025-09-09 14:48:41
121677,gcc,c++,unassigned,RESOLVED,INVALID,normal,2025-08-26 14:06:12,2025-08-27 21:32:21
121673,gcc,middle-end,unassigned,RESOLVED,DUPLICATE,normal,2025-08-26 12:28:12,2025-08-26 15:47:26
121669,gcc,target,unassigned,RESOLVED,DUPLICATE,normal,2025-08-26 06:55:16,2025-08-26 06:59:04
121668,gcc,target,hjl.tools,RESOLVED,FIXED,normal,2025-08-26 01:54:19,2025-08-27 15:28:05
121667,gcc,driver,unassigned,RESOLVED,INVALID,normal,2025-08-26 01:50:08,2025-08-29 06:57:32
121665,gcc,preprocessor,unassigned,RESOLVED,DUPLICATE,normal,2025-08-25 18:22:29,2025-08-25 18:27:44
121663,gcc,middle-end,jakub,RESOLVED,FIXED,normal,2025-08-25 16:40:50,2025-09-18 12:31:42
121660,gcc,tree-optimization,unassigned,RESOLVED,DUPLICATE,normal,2025-08-25 15:00:26,2025-09-04 15:01:21
121659,gcc,middle-end,rguenth,RESOLVED,FIXED,normal,2025-08-25 14:44:35,2025-09-24 09:50:46
121658,gcc,target,jakub,RESOLVED,FIXED,normal,2025-08-25 12:38:14,2025-08-28 04:12:50
121656,gcc,tree-optimization,unassigned,RESOLVED,FIXED,normal,2025-08-25 11:29:50,2025-08-27 01:06:10
121654,gcc,c++,unassigned,RESOLVED,DUPLICATE,normal,2025-08-24 21:35:46,2025-08-24 22:47:58
121652,gcc,target,vineetg,RESOLVED,FIXED,normal,2025-08-24 11:40:25,2025-10-08 21:55:23
121651,gcc,diagnostics,dmalcolm,RESOLVED,INVALID,normal,2025-08-24 11:24:00,2025-08-24 14:27:32
121650,gcc,ipa,unassigned,RESOLVED,DUPLICATE,normal,2025-08-24 09:41:35,2025-08-24 09:42:32
121647,gcc,c++,unassigned,RESOLVED,INVALID,normal,2025-08-23 17:37:52,2025-08-23 17:48:54
121638,gcc,tree-optimization,rguenth,RESOLVED,FIXED,normal,2025-08-22 15:02:32,2025-08-25 12:46:04
121635,gcc,target,hjl.tools,RESOLVED,FIXED,normal,2025-08-22 08:41:48,2025-08-22 19:18:47
121634,gcc,target,xry111,RESOLVED,FIXED,normal,2025-08-22 08:30:02,2025-08-25 03:11:20
121632,gcc,bootstrap,unassigned,RESOLVED,DUPLICATE,normal,2025-08-22 04:29:55,2025-08-22 04:34:38
121631,gcc,tree-optimization,rguenth,RESOLVED,FIXED,normal,2025-08-21 23:59:17,2025-10-20 09:23:31
121629,gcc,modula2,gaius,RESOLVED,FIXED,normal,2025-08-21 12:51:51,2025-08-29 21:12:46
121625,gcc,target,unassigned,RESOLVED,FIXED,normal,2025-08-21 09:56:52,2025-08-22 02:59:23
121620,gcc,modula2,gaius,RESOLVED,MOVED,normal,2025-08-21 06:49:05,2025-08-21 07:09:41
121619,gcc,rtl-optimization,rsandifo,RESOLVED,FIXED,normal,2025-08-20 22:58:29,2025-08-28 13:26:23
121618,gcc,target,unassigned,RESOLVED,DUPLICATE,normal,2025-08-20 20:30:54,2025-08-28 13:26:23
121617,gcc,middle-end,unassigned,RESOLVED,MOVED,normal,2025-08-20 19:17:15,2025-08-20 19:26:08
121616,gcc,fortran,anlauf,RESOLVED,FIXED,normal,2025-08-20 18:27:57,2025-10-26 20:18:12
121614,gcc,c++,unassigned,RESOLVED,INVALID,normal,2025-08-20 13:12:33,2025-08-22 15:38:25
121612,gcc,testsuite,unassigned,RESOLVED,FIXED,normal,2025-08-20 12:00:27,2025-08-21 15:22:06
121610,gcc,libstdc++,unassigned,RESOLVED,INVALID,normal,2025-08-20 11:41:11,2025-08-20 11:43:13
121608,gcc,target,unassigned,RESOLVED,FIXED,normal,2025-08-20 08:49:05,2025-08-20 09:34:44
121607,gcc,target,hjl.tools,RESOLVED,FIXED,normal,2025-08-20 07:39:55,2025-08-21 16:09:09
121605,gcc,c,unassigned,RESOLVED,DUPLICATE,normal,2025-08-20 05:31:11,2025-08-20 05:36:32
121604,gcc,target,jschmitz,RESOLVED,FIXED,normal,2025-08-19 16:53:51,2025-10-27 11:11:24
121603,gcc,target,unassigned,RESOLVED,DUPLICATE,normal,2025-08-19 14:28:32,2025-08-19 23:10:27
121602,gcc,target,jschmitz,RESOLVED,FIXED,normal,2025-08-19 13:32:14,2025-10-16 14:39:35
121601,gcc,c++,jakub,RESOLVED,FIXED,normal,2025-08-19 12:34:16,2025-08-25 14:47:47
121599,gcc,target,jschmitz,RESOLVED,FIXED,normal,2025-08-19 11:33:53,2025-10-26 02:04:42
121593,gcc,middle-end,unassigned,RESOLVED,INVALID,normal,2025-08-18 20:45:29,2025-08-19 19:37:47
121592,gcc,target,rguenth,RESOLVED,FIXED,normal,2025-08-18 18:40:18,2025-10-08 12:50:10
121589,gcc,tree-optimization,unassigned,RESOLVED,INVALID,normal,2025-08-18 15:30:08,2025-08-18 15:47:51
121586,gcc,c,unassigned,RESOLVED,DUPLICATE,normal,2025-08-18 14:53:37,2025-08-18 15:21:04
121583,gcc,c++,jakub,RESOLVED,FIXED,normal,2025-08-18 08:40:15,2025-08-28 09:20:57
121580,gcc,c,unassigned,RESOLVED,DUPLICATE,normal,2025-08-18 02:39:15,2025-08-18 02:42:34
121579,gcc,c++,unassigned,RESOLVED,DUPLICATE,normal,2025-08-17 23:52:59,2025-08-18 00:00:31
121578,gcc,testsuite,nshead,RESOLVED,FIXED,normal,2025-08-17 18:15:28,2025-08-19 05:12:59
121575,gcc,c++,jakub,RESOLVED,FIXED,normal,2025-08-17 05:07:34,2025-08-28 09:19:59
121573,gcc,libgomp,unassigned,RESOLVED,INVALID,normal,2025-08-16 18:00:15,2025-08-16 18:53:51
121572,gcc,target,hjl.tools,RESOLVED,FIXED,critical,2025-08-16 13:10:42,2025-08-20 07:39:55
121569,gcc,target,unassigned,RESOLVED,INVALID,normal,2025-08-16 04:08:16,2025-08-17 22:10:12
121567,gcc,target,unassigned,RESOLVED,DUPLICATE,normal,2025-08-15 20:09:36,2025-09-12 20:13:11
121566,gcc,preprocessor,unassigned,RESOLVED,DUPLICATE,normal,2025-08-15 16:12:52,2025-08-15 17:56:37
121565,gcc,target,unassigned,RESOLVED,DUPLICATE,normal,2025-08-15 16:01:38,2025-08-15 16:03:49
121564,gcc,fortran,unassigned,RESOLVED,INVALID,normal,2025-08-15 13:25:11,2025-08-15 22:08:48
121555,gcc,cobol,unassigned,RESOLVED,DUPLICATE,normal,2025-08-14 17:49:08,2025-08-14 19:37:10
121553,gcc,c++,mpolacek,RESOLVED,FIXED,normal,2025-08-14 17:02:20,2025-09-22 02:12:04
121552,gcc,c++,jakub,RESOLVED,FIXED,normal,2025-08-14 15:25:38,2025-08-15 20:44:44
121548,gcc,target,law,RESOLVED,FIXED,normal,2025-08-14 11:18:02,2025-09-02 14:22:09
121545,gcc,c,unassigned,RESOLVED,INVALID,normal,2025-08-14 08:12:23,2025-08-14 09:34:59
121544,gcc,ada,ebotcazou,RESOLVED,FIXED,normal,2025-08-14 04:32:19,2025-09-08 23:09:52
121543,gcc,target,unassigned,RESOLVED,DUPLICATE,normal,2025-08-14 03:09:09,2025-08-14 13:02:47
121542,gcc,target,unassigned,RESOLVED,FIXED,normal,2025-08-14 02:47:03,2025-08-15 01:17:24
121541,gcc,target,unassigned,RESOLVED,FIXED,normal,2025-08-13 22:08:13,2025-08-17 01:31:33
121540,gcc,target,hjl.tools,RESOLVED,FIXED,normal,2025-08-13 20:31:53,2025-08-29 23:06:16
121538,gcc,target,unassigned,RESOLVED,FIXED,minor,2025-08-13 19:13:46,2025-08-17 03:19:08
121536,gcc,target,tnfchris,RESOLVED,FIXED,normal,2025-08-13 16:01:13,2025-08-19 09:25:19
121534,gcc,target,vineetg,RESOLVED,FIXED,normal,2025-08-13 15:23:31,2025-08-24 14:04:53
121532,gcc,ada,ebotcazou,RESOLVED,FIXED,normal,2025-08-13 11:45:49,2025-09-12 18:56:43
121531,gcc,target,law,RESOLVED,FIXED,normal,2025-08-13 10:14:15,2025-08-13 23:19:59
121530,gcc,middle-end,unassigned,RESOLVED,FIXED,normal,2025-08-13 10:02:34,2025-09-02 08:48:41
121528,gcc,preprocessor,unassigned,RESOLVED,DUPLICATE,normal,2025-08-13 08:24:13,2025-08-13 17:09:48
121527,gcc,tree-optimization,rguenth,RESOLVED,FIXED,normal,2025-08-13 07:11:48,2025-09-24 09:50:21
121524,gcc,c++,jakub,RESOLVED,FIXED,normal,2025-08-13 02:25:02,2025-10-14 19:02:57
121523,gcc,tree-optimization,unassigned,RESOLVED,FIXED,normal,2025-08-12 22:23:25,2025-09-04 15:00:55
121521,gcc,c++,unassigned,RESOLVED,DUPLICATE,normal,2025-08-12 16:27:52,2025-08-12 16:36:07
121520,gcc,target,jakub,RESOLVED,FIXED,normal,2025-08-12 13:10:36,2025-08-27 16:24:31
121517,gcc,tree-optimization,unassigned,RESOLVED,DUPLICATE,normal,2025-08-12 06:19:33,2025-08-12 06:21:36
121516,gcc,jit,dmalcolm,RESOLVED,FIXED,normal,2025-08-11 22:46:45,2025-08-13 01:51:43
121515,gcc,jit,dmalcolm,RESOLVED,DUPLICATE,normal,2025-08-11 22:40:17,2025-08-11 23:01:26
121514,gcc,tree-optimization,rguenth,RESOLVED,FIXED,normal,2025-08-11 18:20:08,2025-08-12 08:20:12
121512,gcc,target,unassigned,RESOLVED,DUPLICATE,normal,2025-08-11 15:51:02,2025-09-16 03:21:31
121511,gcc,testsuite,stefansf,RESOLVED,FIXED,normal,2025-08-11 15:24:39,2025-08-14 06:17:14
121510,gcc,target,unassigned,RESOLVED,FIXED,normal,2025-08-11 14:15:15,2025-09-08 14:10:01
121509,gcc,middle-end,rguenth,RESOLVED,FIXED,normal,2025-08-11 14:11:11,2025-08-12 09:56:51
121501,gcc,target,unassigned,RESOLVED,FIXED,normal,2025-08-11 11:54:04,2025-08-14 12:39:23
121497,gcc,target,hjl.tools,RESOLVED,FIXED,normal,2025-08-11 07:53:50,2025-08-13 01:02:46
121496,gcc,libstdc++,redi,RESOLVED,FIXED,normal,2025-08-11 07:14:26,2025-09-03 14:56:52
121494,gcc,tree-optimization,pinskia,RESOLVED,FIXED,normal,2025-08-11 01:41:45,2025-08-12 08:08:01
121484,gcc,other,unassigned,RESOLVED,DUPLICATE,normal,2025-08-09 10:23:20,2025-08-19 12:39:12
121479,gcc,c,unassigned,RESOLVED,INVALID,normal,2025-08-09 07:05:42,2025-08-09 10:08:44
121478,gcc,c,unassigned,RESOLVED,FIXED,normal,2025-08-09 04:08:45,2025-08-21 18:37:09
121476,gcc,libstdc++,tkaminsk,RESOLVED,FIXED,normal,2025-08-08 20:58:53,2025-08-19 16:01:45
121470,gcc,middle-end,unassigned,RESOLVED,INVALID,normal,2025-08-08 17:03:59,2025-08-11 07:23:05
121468,gcc,tree-optimization,unassigned,RESOLVED,FIXED,normal,2025-08-08 14:48:52,2025-10-15 22:26:55
121466,gcc,fortran,unassigned,RESOLVED,DUPLICATE,normal,2025-08-08 10:26:08,2025-08-11 17:18:45
121463,gcc,target,pinskia,RESOLVED,DUPLICATE,normal,2025-08-08 09:38:55,2025-08-08 16:35:37
121454,gcc,tree-optimization,rguenth,RESOLVED,FIXED,normal,2025-08-07 17:25:26,2025-08-08 14:54:12
121452,gcc,fortran,unassigned,RESOLVED,FIXED,normal,2025-08-07 15:18:41,2025-10-24 13:58:38
121449,gcc,target,unassigned,RESOLVED,FIXED,normal,2025-08-07 14:38:34,2025-08-29 06:16:13
121448,gcc,tree-optimization,pinskia,RESOLVED,DUPLICATE,normal,2025-08-07 14:33:26,2025-08-28 17:37:33
121444,gcc,target,pinskia,RESOLVED,FIXED,normal,2025-08-07 10:12:39,2025-08-10 16:38:54
121442,gcc,c++,jakub,RESOLVED,FIXED,normal,2025-08-07 08:43:28,2025-10-08 12:47:49
121433,gcc,c++,unassigned,RESOLVED,INVALID,normal,2025-08-06 20:43:22,2025-08-19 12:40:06
121427,gcc,middle-end,unassigned,RESOLVED,DUPLICATE,normal,2025-08-06 15:49:15,2025-08-06 15:51:49
121422,gcc,tree-optimization,pinskia,RESOLVED,FIXED,normal,2025-08-06 06:35:22,2025-08-08 21:32:06
121421,gcc,c,pinskia,RESOLVED,FIXED,normal,2025-08-06 04:10:54,2025-09-16 22:30:40
121414,gcc,target,rsandifo,RESOLVED,FIXED,normal,2025-08-05 14:10:09,2025-08-14 20:58:02
121413,gcc,tree-optimization,jakub,RESOLVED,FIXED,normal,2025-08-05 11:38:18,2025-08-08 13:33:12
121410,gcc,target,hjl.tools,RESOLVED,FIXED,normal,2025-08-05 06:23:58,2025-08-05 19:32:47
121407,gcc,bootstrap,unassigned,RESOLVED,DUPLICATE,normal,2025-08-04 22:06:15,2025-08-05 04:10:09
121406,gcc,c,unassigned,RESOLVED,WONTFIX,normal,2025-08-04 21:37:03,2025-08-05 11:10:59
121399,gcc,debug,unassigned,RESOLVED,MOVED,normal,2025-08-04 13:29:24,2025-08-05 07:06:32
121398,gcc,fortran,pault,RESOLVED,FIXED,normal,2025-08-04 13:14:41,2025-09-04 10:58:38
121396,gcc,testsuite,nshead,RESOLVED,FIXED,normal,2025-08-04 12:03:20,2025-08-19 02:45:16
121392,gcc,target,ams,RESOLVED,MOVED,normal,2025-08-04 10:36:58,2025-09-01 10:42:15
121391,gcc,tree-optimization,stefansf,RESOLVED,FIXED,normal,2025-08-04 08:48:34,2025-09-15 07:21:46
121387,gcc,ada,unassigned,RESOLVED,INVALID,normal,2025-08-03 22:40:21,2025-08-04 09:51:35
121380,gcc,rtl-optimization,konstantinos.eleftheriou,RESOLVED,DUPLICATE,normal,2025-08-03 10:26:50,2025-08-04 13:36:26
121378,gcc,tree-optimization,unassigned,RESOLVED,FIXED,normal,2025-08-03 06:45:44,2025-08-27 06:18:51
121374,gcc,libstdc++,redi,RESOLVED,FIXED,normal,2025-08-02 19:24:03,2025-09-03 10:00:42
121373,gcc,libstdc++,jakub,RESOLVED,FIXED,normal,2025-08-02 18:17:57,2025-08-08 08:38:09
121372,gcc,tree-optimization,unassigned,RESOLVED,MOVED,normal,2025-08-02 10:42:10,2025-08-02 19:01:49
121369,gcc,c,unassigned,RESOLVED,INVALID,normal,2025-08-02 09:10:44,2025-08-02 09:46:16
121368,gcc,c++,unassigned,RESOLVED,INVALID,normal,2025-08-02 08:36:46,2025-08-19 10:17:59
121365,gcc,c,unassigned,RESOLVED,MOVED,normal,2025-08-01 22:59:07,2025-08-01 23:07:06
121359,gcc,target,unassigned,RESOLVED,FIXED,normal,2025-08-01 18:17:00,2025-08-05 14:44:38
121358,gcc,target,unassigned,RESOLVED,DUPLICATE,normal,2025-08-01 17:48:08,2025-08-04 09:01:56
121354,gcc,modula2,gaius,RESOLVED,FIXED,normal,2025-08-01 13:28:06,2025-08-02 08:48:26
121351,gcc,c++,ppalka,RESOLVED,FIXED,normal,2025-08-01 11:07:49,2025-08-26 02:11:44
121350,gcc,tree-optimization,rguenth,RESOLVED,FIXED,normal,2025-08-01 11:00:14,2025-08-01 12:54:58
121348,gcc,libstdc++,unassigned,RESOLVED,DUPLICATE,normal,2025-08-01 09:59:11,2025-08-19 09:46:51
121344,gcc,tree-optimization,unassigned,RESOLVED,DUPLICATE,normal,2025-07-31 22:32:46,2025-07-31 23:01:06
121340,gcc,rtl-optimization,unassigned,RESOLVED,FIXED,normal,2025-07-31 18:29:00,2025-07-31 19:27:24
121338,gcc,tree-optimization,rguenth,RESOLVED,FIXED,normal,2025-07-31 16:46:05,2025-08-01 08:50:21
121335,gcc,c++,unassigned,RESOLVED,INVALID,normal,2025-07-31 14:05:29,2025-08-19 05:22:17
121334,gcc,target,unassigned,RESOLVED,FIXED,normal,2025-07-31 13:09:01,2025-08-12 21:42:44
121332,gcc,tree-optimization,unassigned,RESOLVED,FIXED,normal,2025-07-31 10:05:48,2025-08-17 10:24:37
121326,gcc,rtl-optimization,unassigned,RESOLVED,DUPLICATE,normal,2025-07-31 01:50:16,2025-07-31 01:53:56
121324,gcc,target,unassigned,RESOLVED,DUPLICATE,normal,2025-07-31 00:23:38,2025-07-31 00:27:32
121323,gcc,tree-optimization,rguenth,RESOLVED,FIXED,normal,2025-07-31 00:10:02,2025-08-01 07:22:14
121322,gcc,middle-end,jakub,RESOLVED,FIXED,normal,2025-07-30 23:54:33,2025-08-08 13:33:35
121320,gcc,tree-optimization,rguenth,RESOLVED,FIXED,normal,2025-07-30 23:13:22,2025-08-01 10:31:43
121319,gcc,target,unassigned,RESOLVED,INVALID,normal,2025-07-30 22:52:48,2025-07-30 23:05:52
121318,gcc,middle-end,unassigned,RESOLVED,DUPLICATE,normal,2025-07-30 19:19:54,2025-08-01 11:12:57
121314,gcc,modula2,gaius,RESOLVED,FIXED,normal,2025-07-30 14:19:40,2025-08-01 10:33:37
121313,gcc,libstdc++,unassigned,RESOLVED,FIXED,normal,2025-07-30 10:35:07,2025-08-19 11:02:45
121312,gcc,target,kito,RESOLVED,FIXED,normal,2025-07-30 10:13:27,2025-08-19 02:31:44
121311,gcc,target,unassigned,RESOLVED,DUPLICATE,normal,2025-07-30 09:15:14,2025-07-30 09:34:27
121310,gcc,target,unassigned,RESOLVED,DUPLICATE,normal,2025-07-30 06:11:27,2025-07-30 06:16:16
121309,gcc,target,unassigned,RESOLVED,DUPLICATE,normal,2025-07-30 04:24:37,2025-07-30 09:34:27
121308,gcc,rtl-optimization,pinskia,RESOLVED,FIXED,normal,2025-07-30 03:53:53,2025-07-30 15:31:30
121306,gcc,target,unassigned,RESOLVED,FIXED,normal,2025-07-29 23:09:15,2025-08-11 08:26:19
121304,gcc,tree-optimization,rguenth,RESOLVED,FIXED,normal,2025-07-29 22:10:50,2025-07-30 09:16:17
121303,gcc,rtl-optimization,konstantinos.eleftheriou,RESOLVED,FIXED,normal,2025-07-29 20:46:46,2025-08-04 13:37:07
121302,gcc,rtl-optimization,pinskia,RESOLVED,FIXED,blocker,2025-07-29 18:20:58,2025-07-30 00:15:12
121300,gcc,target,alfierichards,RESOLVED,FIXED,normal,2025-07-29 13:39:14,2025-10-24 21:13:39
121299,gcc,c++,unassigned,RESOLVED,DUPLICATE,normal,2025-07-29 12:42:22,2025-07-29 21:12:43
121297,gcc,c++,unassigned,RESOLVED,DUPLICATE,normal,2025-07-29 11:15:40,2025-07-29 20:55:40
121295,gcc,tree-optimization,pinskia,RESOLVED,FIXED,normal,2025-07-29 10:33:35,2025-07-30 15:32:00
121294,gcc,target,rsandifo,RESOLVED,FIXED,normal,2025-07-29 09:11:39,2025-08-14 20:56:40
121293,gcc,target,rsandifo,RESOLVED,FIXED,normal,2025-07-29 08:52:24,2025-08-04 10:48:20
121291,gcc,c++,nshead,RESOLVED,FIXED,minor,2025-07-29 05:51:07,2025-07-30 21:57:25
121289,gcc,modula2,gaius,RESOLVED,FIXED,normal,2025-07-29 04:55:37,2025-07-29 08:13:46
121285,gcc,testsuite,unassigned,RESOLVED,FIXED,normal,2025-07-28 23:00:02,2025-07-29 11:38:05
121283,gcc,libstdc++,unassigned,RESOLVED,MOVED,normal,2025-07-28 20:47:52,2025-07-28 20:54:17
121278,gcc,libstdc++,unassigned,RESOLVED,DUPLICATE,normal,2025-07-28 16:01:17,2025-07-28 16:09:19
121277,gcc,target,unassigned,RESOLVED,FIXED,normal,2025-07-28 15:46:03,2025-07-28 20:25:27
121276,gcc,modula2,gaius,RESOLVED,DUPLICATE,normal,2025-07-28 13:58:17,2025-07-28 13:58:57
121274,gcc,target,unassigned,RESOLVED,FIXED,normal,2025-07-28 12:54:26,2025-07-31 02:44:43
121273,gcc,target,unassigned,RESOLVED,DUPLICATE,normal,2025-07-28 12:20:06,2025-07-28 16:25:19
121269,gcc,middle-end,unassigned,RESOLVED,FIXED,normal,2025-07-28 09:42:58,2025-09-15 07:24:44
121266,gcc,target,unassigned,RESOLVED,INVALID,normal,2025-07-27 23:02:13,2025-07-28 08:14:55
121264,gcc,tree-optimization,jakub,RESOLVED,FIXED,normal,2025-07-27 21:38:04,2025-07-31 10:34:25
121263,gcc,fortran,anlauf,RESOLVED,FIXED,normal,2025-07-27 20:44:13,2025-10-05 19:33:27
121261,gcc,middle-end,alfierichards,RESOLVED,FIXED,normal,2025-07-27 16:25:16,2025-07-29 11:28:30
121260,gcc,diagnostics,dmalcolm,RESOLVED,FIXED,normal,2025-07-27 15:26:50,2025-07-30 07:15:51
121259,gcc,target,unassigned,RESOLVED,INVALID,normal,2025-07-27 09:09:12,2025-07-31 04:13:05
121256,gcc,tree-optimization,rguenth,RESOLVED,FIXED,normal,2025-07-27 04:10:17,2025-10-31 15:46:07
121254,gcc,c++,unassigned,RESOLVED,DUPLICATE,normal,2025-07-26 22:22:39,2025-08-01 03:02:26
121253,gcc,rtl-optimization,rsandifo,RESOLVED,FIXED,normal,2025-07-26 15:54:02,2025-08-18 15:12:19
121248,gcc,target,unassigned,RESOLVED,DUPLICATE,normal,2025-07-25 19:57:15,2025-07-25 20:15:23
121246,gcc,c,unassigned,RESOLVED,INVALID,normal,2025-07-25 18:25:29,2025-07-25 21:35:04
121244,gcc,c++,unassigned,RESOLVED,MOVED,normal,2025-07-25 12:50:47,2025-08-20 00:07:32
121238,gcc,c++,nshead,RESOLVED,FIXED,normal,2025-07-24 21:32:04,2025-08-01 03:12:52
121236,gcc,tree-optimization,pinskia,RESOLVED,FIXED,normal,2025-07-24 19:19:22,2025-07-30 15:29:37
121235,gcc,c,unassigned,RESOLVED,INVALID,normal,2025-07-24 17:45:16,2025-07-24 18:03:27
121234,gcc,libfortran,jvdelisle,RESOLVED,FIXED,normal,2025-07-24 15:22:17,2025-08-13 03:22:59
121233,gcc,c++,unassigned,RESOLVED,INVALID,normal,2025-07-24 13:16:39,2025-07-24 14:47:59
121231,gcc,c++,ppalka,RESOLVED,FIXED,normal,2025-07-24 09:52:25,2025-08-06 18:48:09
121226,gcc,c++,unassigned,RESOLVED,DUPLICATE,normal,2025-07-23 10:38:38,2025-07-23 17:58:15
121224,gcc,target,unassigned,RESOLVED,INVALID,normal,2025-07-23 08:05:48,2025-07-23 10:59:06
121221,gcc,c++,unassigned,RESOLVED,DUPLICATE,normal,2025-07-22 22:02:03,2025-07-23 01:03:06
121219,gcc,c++,iains,RESOLVED,FIXED,normal,2025-07-22 20:59:04,2025-09-16 22:57:40
121216,gcc,c,rguenth,RESOLVED,FIXED,normal,2025-07-22 13:04:54,2025-07-23 06:51:27
121215,gcc,testsuite,pinskia,RESOLVED,FIXED,normal,2025-07-22 11:21:38,2025-07-29 18:01:12
121214,gcc,middle-end,stefansf,RESOLVED,FIXED,normal,2025-07-22 07:59:31,2025-08-19 20:47:59
121213,gcc,target,austinkylelaw,RESOLVED,FIXED,normal,2025-07-22 06:36:11,2025-09-04 06:18:52
121208,gcc,target,hjl.tools,RESOLVED,FIXED,normal,2025-07-21 23:04:17,2025-08-29 23:06:52
121207,gcc,target,unassigned,RESOLVED,DUPLICATE,normal,2025-07-21 22:17:58,2025-07-21 22:20:35
121206,gcc,middle-end,unassigned,RESOLVED,FIXED,normal,2025-07-21 21:12:48,2025-10-15 22:25:39
121205,gcc,testsuite,stefansf,RESOLVED,FIXED,normal,2025-07-21 20:53:58,2025-09-13 12:19:41
121203,gcc,fortran,anlauf,RESOLVED,FIXED,normal,2025-07-21 18:53:48,2025-08-22 20:12:09
121202,gcc,tree-optimization,rguenth,RESOLVED,FIXED,normal,2025-07-21 17:45:12,2025-07-24 08:25:01
121201,gcc,rtl-optimization,stefansf,RESOLVED,FIXED,normal,2025-07-21 17:23:33,2025-07-22 09:36:04
121199,gcc,rtl-optimization,unassigned,RESOLVED,DUPLICATE,normal,2025-07-21 13:26:44,2025-08-06 13:18:25
121196,gcc,libstdc++,tkaminsk,RESOLVED,FIXED,normal,2025-07-21 09:55:19,2025-07-28 09:42:03
121194,gcc,tree-optimization,rguenth,RESOLVED,FIXED,normal,2025-07-21 09:26:15,2025-07-21 15:01:16
121193,gcc,c,unassigned,RESOLVED,DUPLICATE,normal,2025-07-21 08:48:01,2025-07-21 15:18:39
121190,gcc,tree-optimization,pfustc,RESOLVED,FIXED,normal,2025-07-21 08:04:58,2025-07-31 05:05:47
121185,gcc,fortran,mikael,RESOLVED,FIXED,normal,2025-07-21 06:38:13,2025-07-27 15:35:52
121184,gcc,ada,ebotcazou,RESOLVED,FIXED,minor,2025-07-21 01:51:54,2025-07-21 18:33:38
121182,gcc,fortran,pault,RESOLVED,FIXED,normal,2025-07-20 17:53:25,2025-08-09 10:43:14
121179,gcc,c++,ppalka,RESOLVED,FIXED,normal,2025-07-19 16:04:12,2025-07-23 12:39:52
121175,gcc,c++,unassigned,RESOLVED,DUPLICATE,normal,2025-07-19 08:33:46,2025-07-25 04:47:01
121174,gcc,libstdc++,jakub,RESOLVED,FIXED,normal,2025-07-19 08:24:45,2025-07-20 06:24:57
121172,gcc,c++,unassigned,RESOLVED,DUPLICATE,normal,2025-07-19 06:24:35,2025-07-20 01:44:24
121170,gcc,middle-end,unassigned,RESOLVED,DUPLICATE,normal,2025-07-19 02:45:23,2025-07-19 03:03:28
121169,gcc,c++,unassigned,RESOLVED,INVALID,normal,2025-07-19 02:42:34,2025-07-19 04:09:05
121164,gcc,modula2,gaius,RESOLVED,FIXED,normal,2025-07-18 16:17:36,2025-07-26 12:22:05
121163,gcc,debug,unassigned,RESOLVED,DUPLICATE,normal,2025-07-18 16:00:24,2025-07-19 15:35:52
121162,gcc,debug,unassigned,RESOLVED,DUPLICATE,normal,2025-07-18 15:56:15,2025-07-19 15:35:38
121160,gcc,target,law,RESOLVED,FIXED,normal,2025-07-18 14:40:34,2025-08-13 17:53:50
121159,gcc,middle-end,jakub,RESOLVED,FIXED,normal,2025-07-18 12:51:37,2025-08-01 05:53:53
121156,gcc,target,ams,RESOLVED,FIXED,normal,2025-07-18 10:08:58,2025-07-18 11:03:12
121154,gcc,libstdc++,unassigned,RESOLVED,FIXED,normal,2025-07-18 08:49:24,2025-07-18 13:38:40
121153,gcc,testsuite,pinskia,RESOLVED,FIXED,normal,2025-07-18 08:03:31,2025-07-18 17:27:47
121150,gcc,testsuite,redi,RESOLVED,FIXED,normal,2025-07-17 22:47:20,2025-07-18 09:54:38
121148,gcc,libstdc++,redi,RESOLVED,FIXED,normal,2025-07-17 17:59:56,2025-09-12 15:18:55
121145,gcc,fortran,unassigned,RESOLVED,FIXED,normal,2025-07-17 11:29:32,2025-08-22 19:55:36
121144,gcc,tree-optimization,unassigned,RESOLVED,DUPLICATE,normal,2025-07-17 09:40:37,2025-07-17 10:43:48
121141,gcc,libstdc++,unassigned,RESOLVED,DUPLICATE,normal,2025-07-17 06:27:45,2025-07-17 10:02:28
121140,gcc,c,unassigned,RESOLVED,DUPLICATE,normal,2025-07-17 05:14:53,2025-07-17 18:09:34
121138,gcc,tree-optimization,unassigned,RESOLVED,INVALID,normal,2025-07-17 02:10:17,2025-07-17 02:40:36
121131,gcc,tree-optimization,jakub,RESOLVED,FIXED,normal,2025-07-16 17:28:07,2025-07-18 09:55:58
121130,gcc,tree-optimization,rguenth,RESOLVED,FIXED,normal,2025-07-16 17:22:00,2025-07-31 07:38:56
121128,gcc,libstdc++,tkaminsk,RESOLVED,FIXED,normal,2025-07-16 17:13:01,2025-08-19 09:07:17
121127,gcc,tree-optimization,jakub,RESOLVED,FIXED,normal,2025-07-16 17:10:02,2025-08-08 13:34:03
121126,gcc,target,rguenth,RESOLVED,FIXED,normal,2025-07-16 17:01:26,2025-07-18 10:17:29
121124,gcc,target,unassigned,RESOLVED,FIXED,normal,2025-07-16 16:36:03,2025-07-19 15:20:43
121121,gcc,target,unassigned,RESOLVED,FIXED,normal,2025-07-16 12:41:58,2025-08-02 21:20:59
121118,gcc,target,rsandifo,RESOLVED,FIXED,normal,2025-07-16 12:12:27,2025-08-18 15:12:50
121116,gcc,tree-optimization,rguenth,RESOLVED,FIXED,normal,2025-07-16 11:07:31,2025-07-16 13:37:27
121115,gcc,tree-optimization,unassigned,RESOLVED,INVALID,normal,2025-07-16 10:19:41,2025-07-22 23:58:26
121113,gcc,target,law,RESOLVED,FIXED,normal,2025-07-16 07:56:49,2025-08-13 02:33:53
121110,gcc,c,unassigned,RESOLVED,INVALID,normal,2025-07-16 07:35:45,2025-07-16 10:11:51
121108,gcc,target,hjl.tools,RESOLVED,FIXED,normal,2025-07-16 06:37:41,2025-08-29 12:39:16
121102,gcc,c,unassigned,RESOLVED,DUPLICATE,normal,2025-07-16 06:01:50,2025-07-16 06:04:49
121097,gcc,libstdc++,unassigned,RESOLVED,FIXED,normal,2025-07-15 19:27:50,2025-09-04 18:45:47
121096,gcc,target,hjl.tools,RESOLVED,FIXED,normal,2025-07-15 16:19:49,2025-08-29 12:39:58
121095,gcc,target,pinskia,RESOLVED,FIXED,normal,2025-07-15 15:57:21,2025-07-26 18:23:23
121079,gcc,sanitizer,unassigned,RESOLVED,DUPLICATE,normal,2025-07-15 08:44:39,2025-07-16 06:42:57
121075,gcc,target,unassigned,RESOLVED,FIXED,normal,2025-07-14 21:14:51,2025-10-08 12:43:10
121073,gcc,target,rdapp,RESOLVED,FIXED,normal,2025-07-14 20:58:10,2025-07-23 20:05:22
121072,gcc,tree-optimization,unassigned,RESOLVED,FIXED,normal,2025-07-14 20:48:06,2025-10-08 12:40:33
121070,gcc,sanitizer,unassigned,RESOLVED,INVALID,normal,2025-07-14 16:20:50,2025-07-14 16:41:00
121065,gcc,middle-end,unassigned,RESOLVED,FIXED,normal,2025-07-14 11:41:10,2025-07-23 02:41:07
121064,gcc,target,xry111,RESOLVED,FIXED,normal,2025-07-14 11:27:11,2025-07-28 15:51:29
121062,gcc,target,hjl.tools,RESOLVED,FIXED,normal,2025-07-14 09:32:02,2025-07-17 02:17:44
121061,gcc,libstdc++,unassigned,RESOLVED,FIXED,normal,2025-07-14 06:40:11,2025-07-28 14:53:04
121060,gcc,fortran,pault,RESOLVED,FIXED,normal,2025-07-14 04:37:33,2025-07-16 19:37:37
121059,gcc,tree-optimization,rguenth,RESOLVED,FIXED,normal,2025-07-13 22:28:36,2025-10-31 15:45:45
121057,gcc,ada,unassigned,RESOLVED,DUPLICATE,normal,2025-07-13 16:09:07,2025-07-14 08:21:39
121056,gcc,ada,ebotcazou,RESOLVED,FIXED,normal,2025-07-13 16:07:57,2025-07-14 11:48:04
121055,gcc,c++,ppalka,RESOLVED,FIXED,normal,2025-07-13 13:49:27,2025-07-24 12:59:21
121049,gcc,tree-optimization,rguenth,RESOLVED,FIXED,normal,2025-07-12 23:59:34,2025-07-18 08:50:10
121048,gcc,target,rguenth,RESOLVED,FIXED,normal,2025-07-12 15:40:36,2025-07-18 07:33:43
121046,gcc,libstdc++,redi,RESOLVED,FIXED,normal,2025-07-12 11:08:57,2025-09-12 13:09:02
121035,gcc,tree-optimization,rguenth,RESOLVED,FIXED,normal,2025-07-11 13:00:13,2025-07-18 08:49:48
121034,gcc,tree-optimization,rguenth,RESOLVED,FIXED,normal,2025-07-11 10:23:31,2025-07-11 13:51:16
121033,gcc,preprocessor,unassigned,RESOLVED,DUPLICATE,normal,2025-07-11 09:08:31,2025-07-11 16:51:15
121031,gcc,objc,unassigned,RESOLVED,DUPLICATE,normal,2025-07-11 02:40:56,2025-07-11 02:44:18
121028,gcc,target,sabson,RESOLVED,FIXED,normal,2025-07-10 18:11:14,2025-07-31 15:19:58
121027,gcc,target,rsandifo,RESOLVED,FIXED,normal,2025-07-10 17:09:58,2025-07-26 17:42:09
121023,gcc,ipa,jakub,RESOLVED,FIXED,normal,2025-07-10 11:06:26,2025-07-11 11:00:50
121021,gcc,c++,unassigned,RESOLVED,INVALID,normal,2025-07-10 04:01:53,2025-07-10 09:04:53
121020,gcc,tree-optimization,pfustc,RESOLVED,FIXED,normal,2025-07-09 23:34:16,2025-07-30 10:00:12
121015,gcc,target,hjl.tools,RESOLVED,FIXED,normal,2025-07-09 13:33:55,2025-07-17 02:17:44
121014,gcc,tree-optimization,unassigned,RESOLVED,FIXED,normal,2025-07-09 12:53:39,2025-07-11 06:00:57
121013,gcc,target,unassigned,RESOLVED,INVALID,normal,2025-07-09 12:50:52,2025-07-09 16:34:30
121012,gcc,c++,jason,RESOLVED,FIXED,normal,2025-07-09 04:24:45,2025-07-10 13:02:03
121010,gcc,c++,unassigned,RESOLVED,DUPLICATE,normal,2025-07-09 04:08:05,2025-07-09 05:44:28
121009,gcc,libgomp,unassigned,RESOLVED,WONTFIX,normal,2025-07-09 03:45:38,2025-07-09 04:40:35
121008,gcc,c++,jason,RESOLVED,FIXED,normal,2025-07-09 03:45:20,2025-09-23 22:21:59
121007,gcc,target,unassigned,RESOLVED,FIXED,normal,2025-07-09 01:14:22,2025-08-14 13:31:48
121001,gcc,tree-optimization,unassigned,RESOLVED,INVALID,normal,2025-07-08 19:18:40,2025-07-08 19:37:25
120998,gcc,cobol,unassigned,RESOLVED,FIXED,normal,2025-07-08 12:27:51,2025-10-09 13:45:29
120997,gcc,libstdc++,redi,RESOLVED,FIXED,normal,2025-07-08 12:00:02,2025-07-11 10:05:00
120995,gcc,target,law,RESOLVED,FIXED,normal,2025-07-08 08:43:25,2025-07-15 13:35:01
120994,gcc,libstdc++,unassigned,RESOLVED,FIXED,normal,2025-07-08 08:12:19,2025-08-21 09:58:36
120993,gcc,target,unassigned,RESOLVED,INVALID,normal,2025-07-08 08:03:05,2025-07-28 21:03:16
120986,gcc,target,acoplan,RESOLVED,FIXED,normal,2025-07-07 11:17:32,2025-08-15 13:39:50
120984,gcc,sanitizer,unassigned,RESOLVED,DUPLICATE,normal,2025-07-07 10:23:31,2025-07-07 11:02:06
120977,gcc,target,clyon,RESOLVED,FIXED,normal,2025-07-06 18:19:56,2025-08-08 14:25:10
120976,gcc,libstdc++,unassigned,RESOLVED,FIXED,normal,2025-07-06 17:19:41,2025-07-08 01:00:35
120975,gcc,c++,unassigned,RESOLVED,DUPLICATE,normal,2025-07-06 15:36:50,2025-07-06 15:39:59
120969,gcc,c++,unassigned,RESOLVED,INVALID,normal,2025-07-05 20:59:59,2025-07-05 22:06:19
120965,gcc,target,unassigned,RESOLVED,DUPLICATE,normal,2025-07-05 08:33:51,2025-07-05 14:52:11
120964,gcc,c,unassigned,RESOLVED,DUPLICATE,normal,2025-07-05 08:31:02,2025-07-05 14:51:54
120962,gcc,c++,unassigned,RESOLVED,FIXED,normal,2025-07-04 20:13:11,2025-07-25 04:50:08
120961,gcc,c++,unassigned,RESOLVED,DUPLICATE,normal,2025-07-04 17:49:50,2025-07-25 06:49:50
120956,gcc,target,unassigned,RESOLVED,INVALID,normal,2025-07-04 13:44:01,2025-07-04 13:44:30
120953,gcc,c++,unassigned,RESOLVED,DUPLICATE,normal,2025-07-04 11:49:34,2025-07-04 15:51:46
120951,gcc,tree-optimization,pinskia,RESOLVED,FIXED,normal,2025-07-04 08:52:30,2025-07-06 14:59:40
120949,gcc,libstdc++,redi,RESOLVED,FIXED,normal,2025-07-04 07:24:46,2025-07-07 20:52:37
120946,gcc,target,unassigned,RESOLVED,MOVED,normal,2025-07-03 19:17:32,2025-07-03 20:00:22
120944,gcc,tree-optimization,rguenth,RESOLVED,FIXED,normal,2025-07-03 15:53:18,2025-10-31 15:45:25
120943,gcc,target,unassigned,RESOLVED,DUPLICATE,normal,2025-07-03 15:05:37,2025-07-04 16:18:26
120942,gcc,c++,unassigned,RESOLVED,WORKSFORME,normal,2025-07-03 14:29:13,2025-07-05 15:24:38
120941,gcc,target,hjl.tools,RESOLVED,FIXED,normal,2025-07-03 14:20:57,2025-08-04 02:20:51
120940,gcc,c++,jakub,RESOLVED,FIXED,normal,2025-07-03 13:32:29,2025-07-03 21:13:00
120938,gcc,debug,unassigned,RESOLVED,MOVED,normal,2025-07-03 12:42:26,2025-07-04 01:04:22
120937,gcc,c,unassigned,RESOLVED,INVALID,normal,2025-07-03 00:49:16,2025-07-03 02:09:38
120934,gcc,libstdc++,ppalka,RESOLVED,FIXED,normal,2025-07-02 22:42:22,2025-07-03 15:33:47
120931,gcc,libstdc++,redi,RESOLVED,FIXED,normal,2025-07-02 19:51:25,2025-07-03 14:37:42
120930,gcc,target,rdapp,RESOLVED,FIXED,normal,2025-07-02 17:18:25,2025-10-08 13:48:36
120929,gcc,tree-optimization,qinzhao,RESOLVED,FIXED,normal,2025-07-02 14:24:08,2025-07-08 19:37:33
120927,gcc,tree-optimization,rguenth,RESOLVED,FIXED,normal,2025-07-02 12:24:20,2025-07-14 09:22:06
120924,gcc,tree-optimization,unassigned,RESOLVED,FIXED,normal,2025-07-02 08:53:00,2025-07-18 09:47:59
120923,gcc,testsuite,unassigned,RESOLVED,DUPLICATE,normal,2025-07-02 00:23:18,2025-07-24 16:32:48
120922,gcc,tree-optimization,tnfchris,RESOLVED,FIXED,normal,2025-07-01 17:25:18,2025-07-09 07:43:18
120921,gcc,c,pinskia,RESOLVED,FIXED,normal,2025-07-01 17:24:38,2025-07-06 14:59:02
120919,gcc,testsuite,jakub,RESOLVED,FIXED,normal,2025-07-01 15:00:35,2025-08-08 13:31:31
120912,gcc,modula2,gaius,RESOLVED,FIXED,normal,2025-07-01 09:06:30,2025-07-18 09:05:05
120909,gcc,modula2,gaius,RESOLVED,INVALID,normal,2025-07-01 08:55:10,2025-07-02 02:33:12
120908,gcc,target,unassigned,RESOLVED,FIXED,normal,2025-07-01 08:51:10,2025-08-16 14:15:31
120907,gcc,tree-optimization,unassigned,RESOLVED,DUPLICATE,normal,2025-07-01 03:08:39,2025-07-01 03:18:00
120906,gcc,tree-optimization,unassigned,RESOLVED,DUPLICATE,normal,2025-07-01 03:06:24,2025-07-01 03:16:36
120905,gcc,other,unassigned,RESOLVED,WONTFIX,normal,2025-07-01 03:03:12,2025-07-25 19:44:05
120902,gcc,debug,unassigned,RESOLVED,FIXED,normal,2025-07-01 00:08:57,2025-07-01 08:31:35
120896,gcc,c++,unassigned,RESOLVED,DUPLICATE,normal,2025-06-30 17:17:03,2025-06-30 17:36:07
120895,gcc,libstdc++,unassigned,RESOLVED,INVALID,normal,2025-06-30 17:10:22,2025-07-21 12:57:42
120890,gcc,c++,unassigned,RESOLVED,INVALID,normal,2025-06-30 12:57:39,2025-06-30 14:58:43
120889,gcc,fortran,vehre,RESOLVED,WORKSFORME,normal,2025-06-30 12:47:29,2025-07-07 06:56:44
120888,gcc,target,hjl.tools,RESOLVED,FIXED,normal,2025-06-30 11:32:45,2025-08-24 03:24:00
120881,gcc,gcov-profile,hjl.tools,RESOLVED,FIXED,normal,2025-06-30 10:41:19,2025-07-24 16:32:48
120880,gcc,c++,unassigned,RESOLVED,DUPLICATE,normal,2025-06-30 10:35:35,2025-07-01 14:27:45
120874,gcc,c++,unassigned,RESOLVED,DUPLICATE,normal,2025-06-30 08:54:09,2025-07-03 21:06:19
120872,gcc,tree-optimization,unassigned,RESOLVED,INVALID,normal,2025-06-30 03:43:25,2025-10-07 10:10:35
120869,gcc,tree-optimization,unassigned,RESOLVED,DUPLICATE,normal,2025-06-30 00:33:04,2025-06-30 04:41:21
120866,gcc,target,pinskia,RESOLVED,FIXED,normal,2025-06-29 08:48:43,2025-07-13 19:08:18
120859,gcc,testsuite,pinskia,RESOLVED,FIXED,normal,2025-06-28 20:12:51,2025-07-20 02:39:22
120856,gcc,target,unassigned,RESOLVED,FIXED,normal,2025-06-28 14:18:02,2025-06-28 14:41:33
120855,gcc,middle-end,unassigned,RESOLVED,FIXED,normal,2025-06-28 13:39:08,2025-07-27 00:08:42
120854,gcc,ada,ebotcazou,RESOLVED,FIXED,normal,2025-06-28 06:14:23,2025-06-28 15:46:15
120853,gcc,c,unassigned,RESOLVED,DUPLICATE,normal,2025-06-28 01:52:03,2025-06-28 04:18:15
120852,gcc,c,unassigned,RESOLVED,DUPLICATE,normal,2025-06-28 01:34:49,2025-06-28 04:24:05
120851,gcc,c,unassigned,RESOLVED,DUPLICATE,normal,2025-06-28 01:02:01,2025-06-28 01:07:25
120849,gcc,debug,unassigned,RESOLVED,FIXED,normal,2025-06-27 21:47:41,2025-06-28 20:26:43
120847,gcc,fortran,unassigned,RESOLVED,FIXED,normal,2025-06-27 09:20:52,2025-07-08 10:19:02
120845,gcc,c++,jakub,RESOLVED,FIXED,normal,2025-06-27 08:05:03,2025-08-08 13:00:46
120843,gcc,fortran,vehre,RESOLVED,FIXED,normal,2025-06-27 07:38:08,2025-07-09 07:28:39
120830,gcc,target,hjl.tools,RESOLVED,FIXED,normal,2025-06-25 22:44:42,2025-06-27 01:11:47
120828,gcc,target,unassigned,RESOLVED,FIXED,normal,2025-06-25 16:17:10,2025-06-27 14:53:16
120827,gcc,target,law,RESOLVED,FIXED,normal,2025-06-25 16:10:53,2025-06-25 21:44:35
120825,gcc,c++,unassigned,RESOLVED,DUPLICATE,normal,2025-06-25 14:19:19,2025-06-25 14:46:16
120824,gcc,c++,nshead,RESOLVED,FIXED,normal,2025-06-25 13:56:04,2025-08-17 00:24:39
120822,gcc,c++,unassigned,RESOLVED,INVALID,normal,2025-06-25 12:40:00,2025-08-19 10:49:21
120821,gcc,c++,unassigned,RESOLVED,DUPLICATE,normal,2025-06-25 10:22:09,2025-06-25 20:48:06
120819,gcc,target,hjl.tools,RESOLVED,FIXED,normal,2025-06-25 09:39:49,2025-06-26 06:19:27
120818,gcc,target,unassigned,RESOLVED,FIXED,normal,2025-06-25 08:58:03,2025-10-08 12:33:26
120817,gcc,tree-optimization,rguenth,RESOLVED,FIXED,normal,2025-06-25 07:58:54,2025-10-31 15:45:05
120816,gcc,target,hjl.tools,RESOLVED,FIXED,normal,2025-06-25 02:51:14,2025-06-26 06:02:41
120814,gcc,target,unassigned,RESOLVED,INVALID,normal,2025-06-24 17:28:19,2025-10-30 02:22:42
120813,gcc,rtl-optimization,unassigned,RESOLVED,DUPLICATE,normal,2025-06-24 16:50:59,2025-07-14 12:44:53
120812,gcc,fortran,unassigned,RESOLVED,FIXED,normal,2025-06-24 16:22:47,2025-10-26 19:55:42
120811,gcc,target,smunnangi1,RESOLVED,FIXED,normal,2025-06-24 16:17:28,2025-10-28 16:17:28
120809,gcc,analyzer,dmalcolm,RESOLVED,FIXED,normal,2025-06-24 15:32:21,2025-06-26 17:49:03
120807,gcc,target,xry111,RESOLVED,FIXED,normal,2025-06-24 13:39:54,2025-07-17 08:30:50
120805,gcc,tree-optimization,unassigned,RESOLVED,FIXED,normal,2025-06-24 13:29:47,2025-07-31 14:31:34
120803,gcc,middle-end,unassigned,RESOLVED,INVALID,normal,2025-06-24 12:34:27,2025-06-25 07:01:11
120801,gcc,c,unassigned,RESOLVED,INVALID,normal,2025-06-24 10:16:34,2025-06-24 11:02:16
120800,gcc,c++,jason,RESOLVED,FIXED,normal,2025-06-24 08:50:41,2025-09-08 16:14:49
120797,gcc,c++,unassigned,RESOLVED,DUPLICATE,normal,2025-06-24 05:45:19,2025-06-24 13:46:14
120795,gcc,rtl-optimization,sjames,RESOLVED,FIXED,normal,2025-06-23 19:39:45,2025-07-03 01:55:29
120788,gcc,fortran,unassigned,RESOLVED,INVALID,normal,2025-06-23 17:45:07,2025-06-23 18:12:16
120785,gcc,c++,unassigned,RESOLVED,DUPLICATE,normal,2025-06-23 17:22:54,2025-06-23 18:56:18
120784,gcc,fortran,anlauf,RESOLVED,FIXED,normal,2025-06-23 16:32:52,2025-08-22 19:54:40
120782,gcc,target,law,RESOLVED,DUPLICATE,normal,2025-06-23 14:26:22,2025-10-28 12:44:33
120781,gcc,tree-optimization,unassigned,RESOLVED,INVALID,normal,2025-06-23 12:07:58,2025-06-23 13:02:24
120780,gcc,tree-optimization,siddhesh,RESOLVED,FIXED,normal,2025-06-23 11:38:44,2025-07-10 11:12:57
120779,gcc,cobol,jklowden,RESOLVED,FIXED,normal,2025-06-23 11:27:02,2025-07-29 16:11:57
120778,gcc,preprocessor,jakub,RESOLVED,FIXED,normal,2025-06-23 09:11:02,2025-10-10 13:48:54
120769,gcc,cobol,jklowden,RESOLVED,WONTFIX,normal,2025-06-23 07:23:48,2025-06-23 17:53:46
120764,gcc,c++,unassigned,RESOLVED,DUPLICATE,normal,2025-06-22 20:59:24,2025-06-23 10:19:16
120762,gcc,libquadmath,unassigned,RESOLVED,INVALID,normal,2025-06-22 18:29:26,2025-06-22 22:23:16
120753,gcc,c,unassigned,RESOLVED,INVALID,normal,2025-06-21 17:49:57,2025-07-19 07:18:00
120750,gcc,rtl-optimization,unassigned,RESOLVED,WORKSFORME,normal,2025-06-21 16:55:48,2025-06-24 15:34:29
120748,gcc,c++,jason,RESOLVED,FIXED,normal,2025-06-21 15:06:01,2025-07-04 00:05:40
120746,gcc,middle-end,unassigned,RESOLVED,FIXED,normal,2025-06-21 12:57:54,2025-06-21 14:45:40
120745,gcc,rtl-optimization,unassigned,RESOLVED,WORKSFORME,normal,2025-06-21 12:44:59,2025-06-24 15:31:44
120743,gcc,fortran,anlauf,RESOLVED,FIXED,normal,2025-06-21 12:20:42,2025-06-24 20:54:02
120737,gcc,target,unassigned,RESOLVED,INVALID,normal,2025-06-20 23:37:23,2025-06-21 15:44:37
120736,gcc,rtl-optimization,unassigned,RESOLVED,DUPLICATE,normal,2025-06-20 23:24:56,2025-07-14 12:44:53
120735,gcc,tree-optimization,unassigned,RESOLVED,INVALID,normal,2025-06-20 22:54:04,2025-06-22 16:28:11
120734,gcc,target,hjl.tools,RESOLVED,INVALID,normal,2025-06-20 20:08:42,2025-06-22 21:40:34
120733,gcc,target,rsandifo,RESOLVED,FIXED,major,2025-06-20 19:48:55,2025-06-30 08:53:34
120731,gcc,modula2,gaius,RESOLVED,FIXED,normal,2025-06-20 14:46:58,2025-07-18 07:03:27
120730,gcc,cobol,unassigned,RESOLVED,FIXED,normal,2025-06-20 10:58:21,2025-07-07 19:33:16
120726,gcc,bootstrap,unassigned,RESOLVED,DUPLICATE,normal,2025-06-20 04:58:54,2025-06-23 15:07:08
120722,gcc,target,unassigned,RESOLVED,FIXED,normal,2025-06-19 21:58:10,2025-06-23 10:21:22
120721,gcc,middle-end,rsandifo,RESOLVED,FIXED,normal,2025-06-19 20:21:08,2025-06-23 10:21:22
120718,gcc,target,rsandifo,RESOLVED,FIXED,normal,2025-06-19 15:26:24,2025-08-14 16:59:12
120717,gcc,libstdc++,ppalka,RESOLVED,FIXED,normal,2025-06-19 15:25:04,2025-06-24 13:54:57
120716,gcc,c++,jason,RESOLVED,FIXED,normal,2025-06-19 13:46:31,2025-07-04 00:07:02
120714,gcc,target,unassigned,RESOLVED,FIXED,normal,2025-06-19 13:01:55,2025-08-02 21:20:59
120711,gcc,fortran,vehre,RESOLVED,FIXED,normal,2025-06-19 09:29:04,2025-07-03 12:13:56
120709,gcc,middle-end,pinskia,RESOLVED,FIXED,normal,2025-06-19 07:25:54,2025-07-15 05:05:54
120708,gcc,target,unassigned,RESOLVED,FIXED,normal,2025-06-19 06:36:29,2025-07-07 07:50:47
120705,gcc,ada,ebotcazou,RESOLVED,FIXED,normal,2025-06-19 00:03:17,2025-07-01 17:24:11
120703,gcc,c,unassigned,RESOLVED,DUPLICATE,normal,2025-06-18 18:14:03,2025-06-18 18:22:17
120701,gcc,tree-optimization,unassigned,RESOLVED,FIXED,normal,2025-06-18 12:06:00,2025-06-20 19:19:42
120700,gcc,c++,unassigned,RESOLVED,WORKSFORME,normal,2025-06-18 07:59:10,2025-06-18 09:07:41
120698,gcc,web,redi,RESOLVED,FIXED,normal,2025-06-18 07:45:21,2025-09-08 20:58:57
120697,gcc,target,lili.cui,RESOLVED,FIXED,normal,2025-06-18 05:46:05,2025-06-21 06:11:56
120694,gcc,middle-end,unassigned,RESOLVED,DUPLICATE,normal,2025-06-18 03:09:28,2025-06-18 03:37:21
120693,gcc,ipa,unassigned,RESOLVED,DUPLICATE,normal,2025-06-17 23:01:56,2025-06-17 23:13:41
120684,gcc,c++,jason,RESOLVED,FIXED,normal,2025-06-17 00:34:31,2025-07-04 00:08:20
120682,gcc,libgomp,unassigned,RESOLVED,INVALID,normal,2025-06-16 23:18:20,2025-06-18 15:16:58
120680,gcc,libstdc++,unassigned,RESOLVED,WORKSFORME,normal,2025-06-16 22:15:20,2025-06-17 09:20:11
120678,gcc,c++,jason,RESOLVED,FIXED,normal,2025-06-16 19:37:47,2025-06-17 12:10:05
120677,gcc,tree-optimization,jakub,RESOLVED,FIXED,normal,2025-06-16 18:59:08,2025-06-17 11:26:32
120676,gcc,c++,unassigned,RESOLVED,DUPLICATE,normal,2025-06-16 16:18:08,2025-06-23 14:14:58
120674,gcc,target,law,RESOLVED,FIXED,normal,2025-06-16 13:07:43,2025-10-27 16:28:32
120673,gcc,modula2,gaius,RESOLVED,FIXED,normal,2025-06-16 12:27:47,2025-07-18 00:55:01
120670,gcc,go,ian,RESOLVED,FIXED,normal,2025-06-16 10:53:30,2025-07-07 16:57:48
120666,gcc,tree-optimization,rguenth,RESOLVED,DUPLICATE,normal,2025-06-16 04:47:05,2025-06-20 11:15:36
120665,gcc,ada,ebotcazou,RESOLVED,FIXED,normal,2025-06-15 21:08:48,2025-06-28 09:45:46
120661,gcc,tree-optimization,unassigned,RESOLVED,FIXED,normal,2025-06-15 11:53:53,2025-06-19 22:36:30
120660,gcc,rtl-optimization,konstantinos.eleftheriou,RESOLVED,FIXED,normal,2025-06-15 11:25:35,2025-07-29 14:39:29
120659,gcc,target,unassigned,RESOLVED,FIXED,normal,2025-06-15 11:23:52,2025-06-30 20:07:35
120658,gcc,c,unassigned,RESOLVED,INVALID,normal,2025-06-15 11:19:27,2025-06-17 10:16:47
120656,gcc,fortran,unassigned,RESOLVED,DUPLICATE,normal,2025-06-14 18:35:26,2025-06-25 11:50:06
120654,gcc,tree-optimization,rguenth,RESOLVED,FIXED,normal,2025-06-14 09:02:21,2025-10-14 13:28:21
120653,gcc,target,unassigned,RESOLVED,MOVED,normal,2025-06-13 23:14:47,2025-06-16 00:46:57
120652,gcc,target,unassigned,RESOLVED,FIXED,normal,2025-06-13 21:05:20,2025-06-21 12:08:27
120651,gcc,target,rdapp.gcc,RESOLVED,DUPLICATE,normal,2025-06-13 17:16:20,2025-07-02 17:39:58
120650,gcc,libstdc++,tkaminsk,RESOLVED,FIXED,normal,2025-06-13 15:04:05,2025-06-30 14:06:52
120648,gcc,libstdc++,tkaminsk,RESOLVED,FIXED,normal,2025-06-13 11:25:42,2025-07-02 06:46:24
120646,gcc,c++,unassigned,RESOLVED,INVALID,normal,2025-06-13 07:54:03,2025-07-19 04:13:30
120644,gcc,c++,nshead,RESOLVED,FIXED,normal,2025-06-13 06:21:10,2025-06-28 14:53:45
120643,gcc,testsuite,pinskia,RESOLVED,FIXED,normal,2025-06-13 02:14:04,2025-08-29 07:41:22
120642,gcc,target,law,RESOLVED,FIXED,normal,2025-06-12 19:26:54,2025-07-09 11:29:14
120641,gcc,target,unassigned,RESOLVED,WONTFIX,normal,2025-06-12 13:54:18,2025-06-16 07:28:20
120638,gcc,tree-optimization,jakub,RESOLVED,FIXED,normal,2025-06-12 08:33:35,2025-06-13 08:14:56
120637,gcc,fortran,vehre,RESOLVED,FIXED,normal,2025-06-11 20:13:59,2025-07-15 10:18:46
120636,gcc,middle-end,unassigned,RESOLVED,DUPLICATE,normal,2025-06-11 19:15:40,2025-06-12 18:08:09
120631,gcc,middle-end,jakub,RESOLVED,FIXED,normal,2025-06-11 09:46:02,2025-07-01 00:40:51
120630,gcc,middle-end,unassigned,RESOLVED,DUPLICATE,normal,2025-06-11 06:41:43,2025-06-12 18:07:50
120629,gcc,middle-end,jakub,RESOLVED,FIXED,normal,2025-06-11 04:44:38,2025-06-13 21:18:43
120627,gcc,rtl-optimization,law,RESOLVED,DUPLICATE,normal,2025-06-10 23:02:42,2025-07-14 12:44:52
120626,gcc,c++,unassigned,RESOLVED,FIXED,normal,2025-06-10 21:57:51,2025-08-06 13:43:36
120625,gcc,libstdc++,redi,RESOLVED,FIXED,normal,2025-06-10 17:22:20,2025-06-12 13:00:49
120624,gcc,target,rsandifo,RESOLVED,FIXED,normal,2025-06-10 15:37:34,2025-07-03 07:14:01
120622,gcc,libstdc++,unassigned,RESOLVED,INVALID,normal,2025-06-10 15:16:51,2025-06-11 13:20:38
120621,gcc,cobol,unassigned,RESOLVED,FIXED,normal,2025-06-10 12:53:47,2025-08-12 21:46:40
120620,gcc,c++,ppalka,RESOLVED,FIXED,normal,2025-06-10 11:59:08,2025-08-08 19:21:04
120619,gcc,ipa,unassigned,RESOLVED,DUPLICATE,normal,2025-06-10 09:43:50,2025-06-10 11:29:59
120618,gcc,c++,unassigned,RESOLVED,FIXED,normal,2025-06-10 08:27:48,2025-08-23 17:20:59
120616,gcc,tree-optimization,unassigned,RESOLVED,INVALID,normal,2025-06-10 03:25:08,2025-06-10 04:51:43
120615,gcc,libstdc++,unassigned,RESOLVED,INVALID,normal,2025-06-10 01:26:44,2025-06-11 09:03:46
120613,gcc,tree-optimization,unassigned,RESOLVED,FIXED,normal,2025-06-10 00:20:39,2025-06-10 12:50:30
120612,gcc,c,unassigned,RESOLVED,DUPLICATE,normal,2025-06-10 00:17:19,2025-06-10 00:24:45
120611,gcc,c++,unassigned,RESOLVED,INVALID,normal,2025-06-09 23:23:09,2025-08-27 09:25:36
120609,gcc,middle-end,unassigned,RESOLVED,INVALID,normal,2025-06-09 19:53:45,2025-06-19 10:03:37
120608,gcc,middle-end,jakub,RESOLVED,FIXED,normal,2025-06-09 18:44:33,2025-08-04 20:29:19
120607,gcc,c,unassigned,RESOLVED,INVALID,normal,2025-06-09 15:22:15,2025-06-10 07:39:11
120606,gcc,modula2,gaius,RESOLVED,FIXED,normal,2025-06-09 14:37:03,2025-07-17 19:41:46
120605,gcc,bootstrap,rguenth,RESOLVED,FIXED,normal,2025-06-09 14:31:42,2025-06-10 09:21:58
120604,gcc,target,ubizjak,RESOLVED,FIXED,normal,2025-06-09 14:27:15,2025-06-13 08:34:53
120603,gcc,target,law,RESOLVED,FIXED,normal,2025-06-09 13:39:33,2025-08-12 03:48:14
120599,gcc,tree-optimization,pinskia,RESOLVED,FIXED,normal,2025-06-09 07:07:45,2025-08-08 21:36:39
120596,gcc,ipa,unassigned,RESOLVED,INVALID,normal,2025-06-08 13:40:14,2025-06-08 18:48:35
120592,gcc,target,unassigned,RESOLVED,DUPLICATE,normal,2025-06-08 09:37:58,2025-07-21 23:15:45
120590,gcc,rtl-optimization,unassigned,RESOLVED,INVALID,normal,2025-06-08 08:18:20,2025-06-08 08:27:26
120589,gcc,target,unassigned,RESOLVED,FIXED,normal,2025-06-08 06:08:42,2025-06-13 02:03:17
120587,gcc,target,shorne,RESOLVED,FIXED,normal,2025-06-08 04:34:48,2025-06-20 05:48:41
120586,gcc,libstdc++,unassigned,RESOLVED,INVALID,normal,2025-06-07 23:31:46,2025-06-08 04:08:59
120584,gcc,tree-optimization,unassigned,RESOLVED,DUPLICATE,normal,2025-06-07 21:27:44,2025-06-07 22:11:38
120578,gcc,c,unassigned,RESOLVED,INVALID,normal,2025-06-07 14:38:36,2025-06-07 21:24:21
120577,gcc,c++,jason,RESOLVED,FIXED,normal,2025-06-07 10:02:19,2025-07-31 13:21:16
120576,gcc,c++,unassigned,RESOLVED,DUPLICATE,normal,2025-06-07 07:56:55,2025-06-07 15:08:48
120575,gcc,c++,jason,RESOLVED,FIXED,normal,2025-06-07 07:49:44,2025-07-04 13:50:09
120574,gcc,middle-end,unassigned,RESOLVED,INVALID,normal,2025-06-07 05:57:55,2025-06-08 08:08:56
120573,gcc,c,unassigned,RESOLVED,DUPLICATE,normal,2025-06-07 05:11:34,2025-06-07 05:59:17
120572,gcc,tree-optimization,pinskia,RESOLVED,FIXED,normal,2025-06-07 04:33:17,2025-06-07 05:00:44
120570,gcc,c,unassigned,RESOLVED,WONTFIX,normal,2025-06-06 15:54:24,2025-06-06 18:25:33
120565,gcc,libstdc++,unassigned,RESOLVED,FIXED,normal,2025-06-05 15:38:04,2025-06-06 08:44:48
120561,gcc,libstdc++,unassigned,RESOLVED,FIXED,normal,2025-06-05 12:52:37,2025-06-05 17:24:40
120559,gcc,lto,unassigned,RESOLVED,INVALID,normal,2025-06-05 11:36:04,2025-06-05 20:58:17
120556,gcc,bootstrap,unassigned,RESOLVED,INVALID,normal,2025-06-05 10:16:21,2025-06-05 16:11:23
120555,gcc,c++,jason,RESOLVED,FIXED,normal,2025-06-05 09:48:09,2025-07-20 01:44:24
120554,gcc,cobol,rdubner,RESOLVED,FIXED,normal,2025-06-05 09:26:03,2025-07-10 23:35:08
120553,gcc,target,law,RESOLVED,FIXED,normal,2025-06-05 02:22:43,2025-08-25 02:54:29
120552,gcc,c++,unassigned,RESOLVED,DUPLICATE,normal,2025-06-05 02:21:12,2025-06-05 02:24:05
120550,gcc,target,law,RESOLVED,FIXED,normal,2025-06-04 17:36:25,2025-07-03 01:56:29
120548,gcc,libstdc++,redi,RESOLVED,FIXED,normal,2025-06-04 16:18:42,2025-06-11 10:44:23
120547,gcc,middle-end,jakub,RESOLVED,FIXED,normal,2025-06-04 16:07:26,2025-06-13 08:15:16
120546,gcc,ada,unassigned,RESOLVED,FIXED,normal,2025-06-04 13:26:48,2025-06-05 17:34:03
120542,gcc,modula2,gaius,RESOLVED,FIXED,normal,2025-06-04 10:42:15,2025-07-17 13:06:42
120541,gcc,plugins,unassigned,RESOLVED,DUPLICATE,normal,2025-06-04 08:58:23,2025-06-04 12:07:03
120540,gcc,plugins,unassigned,RESOLVED,DUPLICATE,normal,2025-06-04 08:48:01,2025-06-04 12:02:46
120538,gcc,plugins,unassigned,RESOLVED,DUPLICATE,normal,2025-06-04 08:41:01,2025-06-04 12:08:21
120535,gcc,lto,unassigned,RESOLVED,INVALID,normal,2025-06-04 08:14:55,2025-06-04 08:16:42
120533,gcc,tree-optimization,pinskia,RESOLVED,FIXED,normal,2025-06-04 08:05:50,2025-06-08 19:35:38
120530,gcc,target,burnus,RESOLVED,FIXED,normal,2025-06-04 07:49:38,2025-07-22 09:13:14
120525,gcc,debug,hjl.tools,RESOLVED,FIXED,normal,2025-06-03 22:08:51,2025-06-04 07:32:27
120523,gcc,tree-optimization,pinskia,RESOLVED,FIXED,normal,2025-06-03 17:27:47,2025-08-07 10:12:39
120522,gcc,target,unassigned,RESOLVED,FIXED,normal,2025-06-03 16:45:03,2025-10-08 12:31:47
120520,gcc,c,jakub,RESOLVED,FIXED,normal,2025-06-03 12:53:04,2025-07-01 15:54:05
120519,gcc,testsuite,alfierichards,RESOLVED,FIXED,normal,2025-06-03 12:26:09,2025-06-10 20:49:13
120518,gcc,c++,sandra,RESOLVED,FIXED,normal,2025-06-03 10:14:24,2025-06-04 20:32:55
120517,gcc,target,rguenth,RESOLVED,FIXED,normal,2025-06-03 09:53:25,2025-06-03 13:27:09
120516,gcc,tree-optimization,unassigned,RESOLVED,DUPLICATE,normal,2025-06-03 08:45:30,2025-08-25 07:26:43
120514,gcc,libstdc++,unassigned,RESOLVED,DUPLICATE,normal,2025-06-03 02:37:39,2025-06-03 19:20:25
120510,gcc,c,uecker,RESOLVED,FIXED,minor,2025-06-02 19:54:34,2025-08-08 02:39:44
120509,gcc,lto,unassigned,RESOLVED,INVALID,normal,2025-06-02 19:11:11,2025-06-02 20:26:07
120506,gcc,c++,jason,RESOLVED,FIXED,normal,2025-06-02 14:45:10,2025-06-02 19:00:59
120504,gcc,c++,unassigned,RESOLVED,DUPLICATE,normal,2025-06-01 20:24:09,2025-06-03 07:53:19
120503,gcc,c++,nshead,RESOLVED,FIXED,normal,2025-06-01 18:43:59,2025-08-17 00:25:05
120502,gcc,c++,jason,RESOLVED,FIXED,normal,2025-06-01 15:11:01,2025-06-09 13:25:43
120501,gcc,cobol,jklowden,RESOLVED,FIXED,normal,2025-06-01 13:36:30,2025-06-05 17:03:03
120499,gcc,c++,nshead,RESOLVED,FIXED,normal,2025-06-01 04:10:05,2025-08-27 13:42:24
120498,gcc,c++,unassigned,RESOLVED,INVALID,normal,2025-05-31 21:51:47,2025-06-01 12:05:54
120497,gcc,modula2,gaius,RESOLVED,FIXED,normal,2025-05-31 21:32:37,2025-07-16 20:18:45
120495,gcc,c++,iains,RESOLVED,FIXED,normal,2025-05-31 09:33:14,2025-07-29 15:22:22
120494,gcc,other,unassigned,RESOLVED,FIXED,normal,2025-05-30 23:14:08,2025-06-04 05:37:28
120493,gcc,other,unassigned,RESOLVED,FIXED,normal,2025-05-30 23:12:27,2025-06-02 00:10:15
120487,gcc,tree-optimization,unassigned,RESOLVED,DUPLICATE,normal,2025-05-30 21:28:28,2025-05-30 23:52:19
120483,gcc,fortran,vehre,RESOLVED,FIXED,normal,2025-05-30 20:17:41,2025-06-13 07:48:17
120481,gcc,libstdc++,tkaminsk,RESOLVED,FIXED,normal,2025-05-30 11:06:50,2025-06-05 09:42:53
120480,gcc,target,unassigned,RESOLVED,FIXED,normal,2025-05-30 09:41:31,2025-06-13 15:44:52
120476,gcc,target,unassigned,RESOLVED,FIXED,normal,2025-05-30 03:22:36,2025-08-13 11:10:48
120475,gcc,sanitizer,unassigned,RESOLVED,FIXED,normal,2025-05-30 00:25:50,2025-05-30 19:10:56
120474,gcc,modula2,gaius,RESOLVED,FIXED,normal,2025-05-29 19:36:22,2025-07-17 09:18:10
120471,gcc,c++,jakub,RESOLVED,FIXED,normal,2025-05-29 12:45:04,2025-07-07 08:00:33
120470,gcc,fortran,unassigned,RESOLVED,DUPLICATE,normal,2025-05-29 11:14:17,2025-05-29 11:30:59
120465,gcc,libstdc++,ppalka,RESOLVED,FIXED,normal,2025-05-28 19:57:40,2025-06-01 21:27:58
120464,gcc,bootstrap,jakub,RESOLVED,FIXED,normal,2025-05-28 18:57:17,2025-05-29 08:00:44
120463,gcc,ada,unassigned,RESOLVED,DUPLICATE,normal,2025-05-28 18:25:51,2025-06-04 12:01:48
120462,gcc,other,unassigned,RESOLVED,INVALID,normal,2025-05-28 18:04:34,2025-05-28 22:10:57
120461,gcc,target,rdapp,RESOLVED,FIXED,normal,2025-05-28 17:47:19,2025-07-08 13:45:40
120459,gcc,target,parras,RESOLVED,DUPLICATE,normal,2025-05-28 14:30:51,2025-06-27 14:11:05
120457,gcc,testsuite,rguenth,RESOLVED,FIXED,normal,2025-05-28 14:17:54,2025-05-30 09:47:07
120455,gcc,c,unassigned,RESOLVED,DUPLICATE,normal,2025-05-28 13:38:34,2025-05-28 16:52:11
120453,gcc,c++,unassigned,RESOLVED,FIXED,normal,2025-05-28 13:12:43,2025-07-29 15:02:22
120452,gcc,c,unassigned,RESOLVED,DUPLICATE,normal,2025-05-28 13:06:18,2025-05-28 15:54:28
120447,gcc,target,rsandifo,RESOLVED,FIXED,normal,2025-05-27 15:48:47,2025-06-04 12:38:13
120444,gcc,libgomp,unassigned,RESOLVED,FIXED,normal,2025-05-27 08:58:51,2025-06-03 05:57:12
120441,gcc,target,unassigned,RESOLVED,FIXED,normal,2025-05-27 06:53:36,2025-05-27 08:08:26
120440,gcc,ada,ebotcazou,RESOLVED,FIXED,normal,2025-05-27 04:56:37,2025-08-01 07:22:28
120438,gcc,bootstrap,unassigned,RESOLVED,INVALID,normal,2025-05-26 21:10:51,2025-05-26 21:56:22
120437,gcc,c,unassigned,RESOLVED,MOVED,normal,2025-05-26 12:10:07,2025-05-26 13:08:39
120436,gcc,target,unassigned,RESOLVED,FIXED,normal,2025-05-26 11:41:51,2025-05-28 13:54:51
120433,gcc,target,unassigned,RESOLVED,INVALID,normal,2025-05-26 02:59:28,2025-05-26 04:33:22
120432,gcc,libstdc++,ppalka,RESOLVED,FIXED,normal,2025-05-26 01:28:27,2025-06-06 13:41:05
120430,gcc,ada,unassigned,RESOLVED,WONTFIX,normal,2025-05-25 14:49:24,2025-05-27 08:36:05
120423,gcc,rtl-optimization,unassigned,RESOLVED,FIXED,normal,2025-05-24 19:42:37,2025-07-14 22:04:15
120422,gcc,cobol,unassigned,RESOLVED,INVALID,normal,2025-05-24 14:43:48,2025-06-19 13:00:11
120421,gcc,preprocessor,unassigned,RESOLVED,DUPLICATE,normal,2025-05-24 02:43:59,2025-06-16 22:38:26
120420,gcc,ada,unassigned,RESOLVED,WONTFIX,normal,2025-05-24 02:12:16,2025-05-27 09:09:56
120419,gcc,bootstrap,unassigned,RESOLVED,DUPLICATE,normal,2025-05-23 22:16:15,2025-05-23 22:54:32
120418,gcc,testsuite,unassigned,RESOLVED,INVALID,normal,2025-05-23 18:57:54,2025-05-24 04:28:46
120417,gcc,target,unassigned,RESOLVED,INVALID,normal,2025-05-23 15:22:03,2025-06-13 13:02:56
120415,gcc,libstdc++,unassigned,RESOLVED,INVALID,normal,2025-05-23 07:49:51,2025-05-23 11:43:21
120414,gcc,c++,nshead,RESOLVED,FIXED,normal,2025-05-23 07:45:49,2025-05-24 00:55:43
120412,gcc,c++,nshead,RESOLVED,FIXED,normal,2025-05-23 06:52:45,2025-07-24 00:57:25
120411,gcc,c++,unassigned,RESOLVED,DUPLICATE,normal,2025-05-23 06:21:14,2025-05-23 13:57:09
120406,gcc,c++,unassigned,RESOLVED,DUPLICATE,normal,2025-05-22 21:37:58,2025-05-23 03:32:01
120405,gcc,target,unassigned,RESOLVED,DUPLICATE,normal,2025-05-22 21:33:39,2025-05-22 22:19:32
120397,gcc,libstdc++,unassigned,RESOLVED,FIXED,normal,2025-05-22 13:19:53,2025-06-13 15:37:21
120395,gcc,c++,jason,RESOLVED,FIXED,normal,2025-05-22 10:26:17,2025-05-22 21:19:21
120393,gcc,c++,unassigned,RESOLVED,DUPLICATE,normal,2025-05-22 05:25:13,2025-05-22 05:28:05
120391,gcc,c++,unassigned,RESOLVED,INVALID,normal,2025-05-21 22:59:09,2025-05-21 23:07:52
120389,gcc,modula2,gaius,RESOLVED,FIXED,normal,2025-05-21 20:21:54,2025-07-16 18:34:27
120388,gcc,libstdc++,unassigned,RESOLVED,DUPLICATE,normal,2025-05-21 18:45:50,2025-05-21 19:52:17
120387,gcc,libstdc++,unassigned,RESOLVED,DUPLICATE,normal,2025-05-21 18:44:40,2025-05-21 22:09:28
120383,gcc,tree-optimization,tnfchris,RESOLVED,FIXED,normal,2025-05-21 14:55:45,2025-10-18 07:32:48
120377,gcc,c++,unassigned,RESOLVED,FIXED,normal,2025-05-21 09:36:10,2025-08-01 03:25:58
120371,gcc,fortran,unassigned,RESOLVED,DUPLICATE,normal,2025-05-20 20:33:51,2025-05-21 04:11:48
120369,gcc,middle-end,pinskia,RESOLVED,FIXED,normal,2025-05-20 19:49:17,2025-07-03 17:33:55
120368,gcc,target,law,RESOLVED,FIXED,normal,2025-05-20 17:48:13,2025-05-21 20:19:52
120367,gcc,libstdc++,redi,RESOLVED,FIXED,normal,2025-05-20 15:55:20,2025-05-27 11:25:33
120364,gcc,libstdc++,unassigned,RESOLVED,DUPLICATE,normal,2025-05-20 10:36:33,2025-07-08 11:49:00
120363,gcc,c++,nshead,RESOLVED,FIXED,normal,2025-05-20 08:52:04,2025-05-24 00:55:05
120362,gcc,target,unassigned,RESOLVED,INVALID,normal,2025-05-20 08:32:38,2025-05-22 01:50:09
120361,gcc,target,unassigned,RESOLVED,INVALID,normal,2025-05-20 03:52:53,2025-05-20 03:59:55
120358,gcc,tree-optimization,rguenth,RESOLVED,FIXED,normal,2025-05-19 21:30:26,2025-10-14 13:28:02
120357,gcc,tree-optimization,rguenth,RESOLVED,FIXED,normal,2025-05-19 17:14:49,2025-10-14 13:27:10
120356,gcc,target,merzlyakovao,RESOLVED,FIXED,normal,2025-05-19 16:21:28,2025-07-15 13:35:01
120355,gcc,fortran,tkoenig,RESOLVED,FIXED,normal,2025-05-19 15:42:49,2025-08-11 17:18:45
120351,gcc,target,rearnsha,RESOLVED,FIXED,normal,2025-05-19 10:54:08,2025-08-01 12:28:11
120350,gcc,c++,unassigned,RESOLVED,FIXED,normal,2025-05-19 10:54:02,2025-05-20 02:28:13
120349,gcc,c++,nshead,RESOLVED,FIXED,normal,2025-05-19 10:13:36,2025-05-20 03:41:58
120347,gcc,target,rsandifo,RESOLVED,FIXED,normal,2025-05-19 08:02:46,2025-06-25 16:30:47
120344,gcc,target,unassigned,RESOLVED,DUPLICATE,normal,2025-05-19 06:48:31,2025-05-19 06:50:59
120342,gcc,tree-optimization,unassigned,RESOLVED,INVALID,normal,2025-05-18 21:36:57,2025-05-18 21:45:39
120333,gcc,target,law,RESOLVED,FIXED,normal,2025-05-18 13:47:47,2025-05-25 13:28:18
120328,gcc,cobol,jklowden,RESOLVED,FIXED,normal,2025-05-17 18:09:17,2025-07-29 16:11:09
120325,gcc,libstdc++,unassigned,RESOLVED,MOVED,normal,2025-05-17 14:23:08,2025-05-23 11:43:43
120323,gcc,c++,unassigned,RESOLVED,DUPLICATE,normal,2025-05-17 09:39:19,2025-05-17 14:52:55
120315,gcc,libstdc++,unassigned,RESOLVED,INVALID,normal,2025-05-16 20:36:52,2025-05-16 22:44:29
120312,gcc,c++,unassigned,RESOLVED,DUPLICATE,normal,2025-05-16 15:18:20,2025-05-16 15:29:32
120309,gcc,c,unassigned,RESOLVED,DUPLICATE,normal,2025-05-16 14:23:33,2025-05-16 14:33:10
120305,gcc,libstdc++,unassigned,RESOLVED,INVALID,normal,2025-05-16 08:59:56,2025-05-17 18:33:43
120299,gcc,libstdc++,unassigned,RESOLVED,FIXED,normal,2025-05-15 20:10:25,2025-07-06 17:26:07
120298,gcc,fortran,unassigned,RESOLVED,DUPLICATE,normal,2025-05-15 19:50:04,2025-05-15 20:06:57
120297,gcc,target,rdapp.gcc,RESOLVED,FIXED,normal,2025-05-15 18:16:29,2025-07-16 07:38:58
120295,gcc,ipa,jamborm,RESOLVED,FIXED,normal,2025-05-15 16:00:48,2025-06-12 12:09:08
120284,gcc,rtl-optimization,unassigned,RESOLVED,INVALID,normal,2025-05-15 06:00:43,2025-05-19 02:00:15
120278,gcc,middle-end,unassigned,RESOLVED,INVALID,normal,2025-05-14 18:06:05,2025-05-15 17:45:39
120277,gcc,tree-optimization,unassigned,RESOLVED,FIXED,normal,2025-05-14 12:18:19,2025-05-15 17:02:04
120276,gcc,middle-end,jschmitz,RESOLVED,FIXED,normal,2025-05-14 09:16:26,2025-05-23 06:06:25
120273,gcc,c++,iains,RESOLVED,FIXED,normal,2025-05-14 07:48:14,2025-07-29 15:23:52
120271,gcc,c++,unassigned,RESOLVED,INVALID,normal,2025-05-14 06:41:36,2025-05-14 06:48:16
120270,gcc,middle-end,unassigned,RESOLVED,DUPLICATE,normal,2025-05-14 01:11:57,2025-11-02 05:29:35
120269,gcc,c,unassigned,RESOLVED,FIXED,normal,2025-05-14 00:47:41,2025-05-14 00:57:41
120266,gcc,libstdc++,unassigned,RESOLVED,DUPLICATE,normal,2025-05-13 20:38:21,2025-05-15 02:39:09
120263,gcc,target,vineetg,RESOLVED,INVALID,normal,2025-05-13 18:38:17,2025-05-22 20:57:13
120257,gcc,c++,unassigned,RESOLVED,WONTFIX,normal,2025-05-13 12:34:58,2025-05-13 16:44:00
120253,gcc,modula2,gaius,RESOLVED,FIXED,normal,2025-05-13 08:50:51,2025-07-11 19:40:01
120252,gcc,middle-end,unassigned,RESOLVED,INVALID,normal,2025-05-13 08:20:40,2025-05-15 22:40:46
120248,gcc,c,unassigned,RESOLVED,DUPLICATE,normal,2025-05-13 04:25:25,2025-05-13 04:33:46
120246,gcc,c,unassigned,RESOLVED,DUPLICATE,normal,2025-05-13 01:45:11,2025-05-13 02:28:41
120244,gcc,cobol,jklowden,RESOLVED,FIXED,normal,2025-05-13 00:10:44,2025-08-14 13:07:49
120243,gcc,c++,unassigned,RESOLVED,FIXED,normal,2025-05-12 22:55:35,2025-07-29 15:26:34
120242,gcc,rtl-optimization,law,RESOLVED,FIXED,normal,2025-05-12 17:52:28,2025-07-14 12:45:32
120237,gcc,other,unassigned,RESOLVED,FIXED,normal,2025-05-12 11:32:53,2025-08-07 08:11:42
120235,gcc,libstdc++,redi,RESOLVED,FIXED,normal,2025-05-12 10:22:31,2025-05-15 15:40:06
120231,gcc,tree-optimization,jakub,RESOLVED,FIXED,normal,2025-05-12 09:26:57,2025-09-02 01:08:24
120228,gcc,target,unassigned,RESOLVED,FIXED,normal,2025-05-12 01:59:38,2025-05-12 08:04:52
120226,gcc,target,unassigned,RESOLVED,DUPLICATE,normal,2025-05-11 21:56:21,2025-05-12 08:07:58
120225,gcc,fortran,unassigned,RESOLVED,FIXED,normal,2025-05-11 19:36:36,2025-05-14 07:19:58
120223,gcc,target,law,RESOLVED,FIXED,normal,2025-05-11 18:17:58,2025-05-15 15:15:16
120222,gcc,tree-optimization,rguenth,RESOLVED,FIXED,normal,2025-05-11 14:34:56,2025-05-12 07:29:53
120217,gcc,target,unassigned,RESOLVED,INVALID,normal,2025-05-11 05:00:39,2025-05-11 05:19:44
120215,gcc,target,unassigned,RESOLVED,FIXED,normal,2025-05-11 02:11:28,2025-05-14 12:47:49
120211,gcc,tree-optimization,rguenth,RESOLVED,FIXED,normal,2025-05-10 19:13:04,2025-07-21 13:57:06
120205,gcc,middle-end,unassigned,RESOLVED,INVALID,normal,2025-05-09 21:44:27,2025-05-10 01:29:44
120204,gcc,c++,jason,RESOLVED,FIXED,normal,2025-05-09 19:42:24,2025-05-10 02:33:08
120203,gcc,target,vineetg,RESOLVED,FIXED,normal,2025-05-09 19:38:21,2025-08-14 15:06:51
120202,gcc,c++,unassigned,RESOLVED,DUPLICATE,normal,2025-05-09 19:30:30,2025-05-09 19:43:10
120198,gcc,libstdc++,redi,RESOLVED,FIXED,normal,2025-05-09 16:12:35,2025-05-13 11:07:00
120196,gcc,libfortran,jakub,RESOLVED,FIXED,normal,2025-05-09 15:23:09,2025-06-13 18:48:59
120195,gcc,c++,nshead,RESOLVED,FIXED,normal,2025-05-09 15:07:13,2025-08-19 02:44:12
120193,gcc,fortran,jakub,RESOLVED,FIXED,normal,2025-05-09 14:07:14,2025-06-02 08:59:22
120191,gcc,fortran,jakub,RESOLVED,FIXED,normal,2025-05-09 11:25:52,2025-06-13 18:48:49
120190,gcc,libstdc++,redi,RESOLVED,FIXED,normal,2025-05-09 08:44:58,2025-05-19 13:33:55
120188,gcc,modula2,gaius,RESOLVED,FIXED,normal,2025-05-09 08:13:28,2025-05-13 15:53:08
120187,gcc,libstdc++,redi,RESOLVED,FIXED,normal,2025-05-09 06:55:07,2025-05-12 20:31:15
120185,gcc,c++,jason,RESOLVED,FIXED,normal,2025-05-09 05:51:46,2025-05-09 19:16:22
120184,gcc,middle-end,unassigned,RESOLVED,INVALID,normal,2025-05-09 03:13:14,2025-05-09 03:23:51
120183,gcc,c++,unassigned,RESOLVED,DUPLICATE,normal,2025-05-08 20:36:48,2025-05-09 12:44:45
120181,gcc,target,unassigned,RESOLVED,MOVED,normal,2025-05-08 15:17:33,2025-05-10 06:31:19
120180,gcc,c,unassigned,RESOLVED,FIXED,normal,2025-05-08 13:39:47,2025-10-23 19:52:56
120179,gcc,fortran,anlauf,RESOLVED,FIXED,normal,2025-05-08 13:39:25,2025-05-15 20:06:57
120175,gcc,c,unassigned,RESOLVED,INVALID,normal,2025-05-08 10:24:21,2025-05-09 04:03:27
120174,gcc,c++,unassigned,RESOLVED,DUPLICATE,normal,2025-05-08 10:13:16,2025-05-10 22:31:15
120168,gcc,testsuite,pinskia,RESOLVED,FIXED,normal,2025-05-08 06:49:17,2025-05-08 17:22:12
120166,gcc,c,unassigned,RESOLVED,DUPLICATE,normal,2025-05-08 01:26:51,2025-05-08 01:30:34
120163,gcc,fortran,tkoenig,RESOLVED,FIXED,normal,2025-05-07 16:26:11,2025-05-13 19:28:29
120161,gcc,c++,ppalka,RESOLVED,FIXED,normal,2025-05-07 16:08:06,2025-05-27 17:31:57
120159,gcc,libstdc++,redi,RESOLVED,FIXED,normal,2025-05-07 15:54:40,2025-05-07 19:23:09
120158,gcc,libfortran,jakub,RESOLVED,FIXED,normal,2025-05-07 14:00:21,2025-05-08 08:54:52
120156,gcc,tree-optimization,rguenth,RESOLVED,FIXED,normal,2025-05-07 12:54:09,2025-10-14 12:14:58
120154,gcc,target,law,RESOLVED,DUPLICATE,normal,2025-05-07 12:00:52,2025-05-07 21:08:08
120153,gcc,libfortran,jakub,RESOLVED,FIXED,normal,2025-05-07 09:27:22,2025-05-08 08:54:32
120152,gcc,libfortran,jakub,RESOLVED,FIXED,normal,2025-05-07 08:53:08,2025-05-08 08:54:11
120151,gcc,c++,unassigned,RESOLVED,DUPLICATE,normal,2025-05-07 08:51:14,2025-05-07 17:23:48
120150,gcc,c++,unassigned,RESOLVED,DUPLICATE,normal,2025-05-07 08:43:28,2025-05-07 08:45:58
120148,gcc,driver,unassigned,RESOLVED,INVALID,normal,2025-05-07 08:31:32,2025-05-08 09:07:35
120147,gcc,libstdc++,redi,RESOLVED,FIXED,normal,2025-05-07 06:37:17,2025-05-07 20:12:36
120146,gcc,ipa,rguenth,RESOLVED,FIXED,normal,2025-05-07 06:34:57,2025-05-11 10:14:17
